2026-04-09 10:05:09,741 | INFO | app | [64b501a8] OPTIONS /api/v1/auth/profile -> 200 (61.36ms)
2026-04-09 10:05:09,961 | INFO | uvicorn.access | 127.0.0.1:58220 - "OPTIONS /api/v1/auth/profile HTTP/1.1" 200
2026-04-09 10:05:09,962 | INFO | app | [a13aa92d] OPTIONS /api/v1/tiktok-bloggers -> 200 (226.14ms)
2026-04-09 10:05:09,962 | INFO | uvicorn.access | 127.0.0.1:58222 - "OPTIONS /api/v1/tiktok-bloggers HTTP/1.1" 200
2026-04-09 10:05:10,069 | INFO | app | [96b69c74] GET /api/v1/auth/profile -> 200 (105.74ms)
2026-04-09 10:05:10,069 | INFO | uvicorn.access | 127.0.0.1:58222 - "GET /api/v1/auth/profile HTTP/1.1" 200
2026-04-09 10:05:10,070 | INFO | app | [42a4bf96] GET /api/v1/tiktok-bloggers -> 200 (107.47ms)
2026-04-09 10:05:10,071 | INFO | uvicorn.access | 127.0.0.1:58231 - "GET /api/v1/tiktok-bloggers HTTP/1.1" 200
2026-04-09 10:05:10,095 | INFO | app | [a0247758] OPTIONS /api/v1/video-tasks?page=1&page_size=20&target_date=2026-04-09 -> 200 (0.43ms)
2026-04-09 10:05:10,095 | INFO | uvicorn.access | 127.0.0.1:58231 - "OPTIONS /api/v1/video-tasks?page=1&page_size=20&target_date=2026-04-09 HTTP/1.1" 200
2026-04-09 10:05:10,095 | INFO | app | [b3218f97] OPTIONS /api/v1/video-tasks/stats?target_date=2026-04-09 -> 200 (0.43ms)
2026-04-09 10:05:10,095 | INFO | uvicorn.access | 127.0.0.1:58222 - "OPTIONS /api/v1/video-tasks/stats?target_date=2026-04-09 HTTP/1.1" 200
2026-04-09 10:05:10,142 | INFO | app | [973b4f56] GET /api/v1/video-tasks/stats?target_date=2026-04-09 -> 200 (38.60ms)
2026-04-09 10:05:10,142 | INFO | uvicorn.access | 127.0.0.1:58231 - "GET /api/v1/video-tasks/stats?target_date=2026-04-09 HTTP/1.1" 200
2026-04-09 10:05:10,161 | ERROR | app | [7b08b49e] GET /api/v1/video-tasks?page=1&page_size=20&target_date=2026-04-09 -> 500 (61.69ms)
Traceback (most recent call last):
  File "/Users/guyin/Desktop/Echooo/repo/confyUI-flow-back/backend/.venv/lib/python3.13/site-packages/starlette/middleware/base.py", line 157, in call_next
    message = await recv_stream.receive()
              ^^^^^^^^^^^^^^^^^^^^^^^^^^^
  File "/Users/guyin/Desktop/Echooo/repo/confyUI-flow-back/backend/.venv/lib/python3.13/site-packages/anyio/streams/memory.py", line 132, in receive
    raise EndOfStream from None
anyio.EndOfStream

During handling of the above exception, another exception occurred:

Traceback (most recent call last):
  File "/Users/guyin/Desktop/Echooo/repo/confyUI-flow-back/backend/app/main.py", line 50, in request_logging_middleware
    response = await call_next(request)
               ^^^^^^^^^^^^^^^^^^^^^^^^
  File "/Users/guyin/Desktop/Echooo/repo/confyUI-flow-back/backend/.venv/lib/python3.13/site-packages/starlette/middleware/base.py", line 163, in call_next
    raise app_exc
  File "/Users/guyin/Desktop/Echooo/repo/confyUI-flow-back/backend/.venv/lib/python3.13/site-packages/starlette/middleware/base.py", line 149, in coro
    await self.app(scope, receive_or_disconnect, send_no_error)
  File "/Users/guyin/Desktop/Echooo/repo/confyUI-flow-back/backend/.venv/lib/python3.13/site-packages/starlette/middleware/cors.py", line 93, in __call__
    await self.simple_response(scope, receive, send, request_headers=headers)
  File "/Users/guyin/Desktop/Echooo/repo/confyUI-flow-back/backend/.venv/lib/python3.13/site-packages/starlette/middleware/cors.py", line 144, in simple_response
    await self.app(scope, receive, send)
  File "/Users/guyin/Desktop/Echooo/repo/confyUI-flow-back/backend/.venv/lib/python3.13/site-packages/starlette/middleware/exceptions.py", line 62, in __call__
    await wrap_app_handling_exceptions(self.app, conn)(scope, receive, send)
  File "/Users/guyin/Desktop/Echooo/repo/confyUI-flow-back/backend/.venv/lib/python3.13/site-packages/starlette/_exception_handler.py", line 53, in wrapped_app
    raise exc
  File "/Users/guyin/Desktop/Echooo/repo/confyUI-flow-back/backend/.venv/lib/python3.13/site-packages/starlette/_exception_handler.py", line 42, in wrapped_app
    await app(scope, receive, sender)
  File "/Users/guyin/Desktop/Echooo/repo/confyUI-flow-back/backend/.venv/lib/python3.13/site-packages/starlette/routing.py", line 715, in __call__
    await self.middleware_stack(scope, receive, send)
  File "/Users/guyin/Desktop/Echooo/repo/confyUI-flow-back/backend/.venv/lib/python3.13/site-packages/starlette/routing.py", line 735, in app
    await route.handle(scope, receive, send)
  File "/Users/guyin/Desktop/Echooo/repo/confyUI-flow-back/backend/.venv/lib/python3.13/site-packages/starlette/routing.py", line 288, in handle
    await self.app(scope, receive, send)
  File "/Users/guyin/Desktop/Echooo/repo/confyUI-flow-back/backend/.venv/lib/python3.13/site-packages/starlette/routing.py", line 76, in app
    await wrap_app_handling_exceptions(app, request)(scope, receive, send)
  File "/Users/guyin/Desktop/Echooo/repo/confyUI-flow-back/backend/.venv/lib/python3.13/site-packages/starlette/_exception_handler.py", line 53, in wrapped_app
    raise exc
  File "/Users/guyin/Desktop/Echooo/repo/confyUI-flow-back/backend/.venv/lib/python3.13/site-packages/starlette/_exception_handler.py", line 42, in wrapped_app
    await app(scope, receive, sender)
  File "/Users/guyin/Desktop/Echooo/repo/confyUI-flow-back/backend/.venv/lib/python3.13/site-packages/starlette/routing.py", line 73, in app
    response = await f(request)
               ^^^^^^^^^^^^^^^^
  File "/Users/guyin/Desktop/Echooo/repo/confyUI-flow-back/backend/.venv/lib/python3.13/site-packages/fastapi/routing.py", line 301, in app
    raw_response = await run_endpoint_function(
                   ^^^^^^^^^^^^^^^^^^^^^^^^^^^^
    ...<3 lines>...
    )
    ^
  File "/Users/guyin/Desktop/Echooo/repo/confyUI-flow-back/backend/.venv/lib/python3.13/site-packages/fastapi/routing.py", line 212, in run_endpoint_function
    return await dependant.call(**values)
           ^^^^^^^^^^^^^^^^^^^^^^^^^^^^^^
  File "/Users/guyin/Desktop/Echooo/repo/confyUI-flow-back/backend/app/api/v1/video_tasks.py", line 122, in list_video_tasks
    data = VideoTaskListItem.model_validate(task)
  File "/Users/guyin/Desktop/Echooo/repo/confyUI-flow-back/backend/.venv/lib/python3.13/site-packages/pydantic/main.py", line 716, in model_validate
    return cls.__pydantic_validator__.validate_python(
           ~~~~~~~~~~~~~~~~~~~~~~~~~~~~~~~~~~~~~~~~~~^
        obj,
        ^^^^
    ...<5 lines>...
        by_name=by_name,
        ^^^^^^^^^^^^^^^^
    )
    ^
pydantic_core._pydantic_core.ValidationError: 1 validation error for VideoTaskListItem
sub_tasks
  Error extracting attribute: MissingGreenlet: greenlet_spawn has not been called; can't call await_only() here. Was IO attempted in an unexpected place? (Background on this error at: https://sqlalche.me/e/20/xd2s) [type=get_attribute_error, input_value=<app.models.video_task.Vi...k object at 0x10b470410>, input_type=VideoTask]
    For further information visit https://errors.pydantic.dev/2.12/v/get_attribute_error
2026-04-09 10:05:10,169 | INFO | uvicorn.access | 127.0.0.1:58222 - "GET /api/v1/video-tasks?page=1&page_size=20&target_date=2026-04-09 HTTP/1.1" 500
2026-04-09 10:05:10,169 | ERROR | uvicorn.error | Exception in ASGI application
  + Exception Group Traceback (most recent call last):
  |   File "/Users/guyin/Desktop/Echooo/repo/confyUI-flow-back/backend/.venv/lib/python3.13/site-packages/starlette/_utils.py", line 76, in collapse_excgroups
  |     yield
  |   File "/Users/guyin/Desktop/Echooo/repo/confyUI-flow-back/backend/.venv/lib/python3.13/site-packages/starlette/middleware/base.py", line 186, in __call__
  |     async with anyio.create_task_group() as task_group:
  |                ~~~~~~~~~~~~~~~~~~~~~~~^^
  |   File "/Users/guyin/Desktop/Echooo/repo/confyUI-flow-back/backend/.venv/lib/python3.13/site-packages/anyio/_backends/_asyncio.py", line 783, in __aexit__
  |     raise BaseExceptionGroup(
  |         "unhandled errors in a TaskGroup", self._exceptions
  |     ) from None
  | ExceptionGroup: unhandled errors in a TaskGroup (1 sub-exception)
  +-+---------------- 1 ----------------
    | Traceback (most recent call last):
    |   File "/Users/guyin/Desktop/Echooo/repo/confyUI-flow-back/backend/.venv/lib/python3.13/site-packages/uvicorn/protocols/http/httptools_impl.py", line 409, in run_asgi
    |     result = await app(  # type: ignore[func-returns-value]
    |              ^^^^^^^^^^^^^^^^^^^^^^^^^^^^^^^^^^^^^^^^^^^^^^
    |         self.scope, self.receive, self.send
    |         ^^^^^^^^^^^^^^^^^^^^^^^^^^^^^^^^^^^
    |     )
    |     ^
    |   File "/Users/guyin/Desktop/Echooo/repo/confyUI-flow-back/backend/.venv/lib/python3.13/site-packages/uvicorn/middleware/proxy_headers.py", line 60, in __call__
    |     return await self.app(scope, receive, send)
    |            ^^^^^^^^^^^^^^^^^^^^^^^^^^^^^^^^^^^^
    |   File "/Users/guyin/Desktop/Echooo/repo/confyUI-flow-back/backend/.venv/lib/python3.13/site-packages/fastapi/applications.py", line 1054, in __call__
    |     await super().__call__(scope, receive, send)
    |   File "/Users/guyin/Desktop/Echooo/repo/confyUI-flow-back/backend/.venv/lib/python3.13/site-packages/starlette/applications.py", line 113, in __call__
    |     await self.middleware_stack(scope, receive, send)
    |   File "/Users/guyin/Desktop/Echooo/repo/confyUI-flow-back/backend/.venv/lib/python3.13/site-packages/starlette/middleware/errors.py", line 187, in __call__
    |     raise exc
    |   File "/Users/guyin/Desktop/Echooo/repo/confyUI-flow-back/backend/.venv/lib/python3.13/site-packages/starlette/middleware/errors.py", line 165, in __call__
    |     await self.app(scope, receive, _send)
    |   File "/Users/guyin/Desktop/Echooo/repo/confyUI-flow-back/backend/.venv/lib/python3.13/site-packages/starlette/middleware/base.py", line 185, in __call__
    |     with collapse_excgroups():
    |          ~~~~~~~~~~~~~~~~~~^^
    |   File "/Users/guyin/.local/share/uv/python/cpython-3.13.3-macos-aarch64-none/lib/python3.13/contextlib.py", line 162, in __exit__
    |     self.gen.throw(value)
    |     ~~~~~~~~~~~~~~^^^^^^^
    |   File "/Users/guyin/Desktop/Echooo/repo/confyUI-flow-back/backend/.venv/lib/python3.13/site-packages/starlette/_utils.py", line 82, in collapse_excgroups
    |     raise exc
    |   File "/Users/guyin/Desktop/Echooo/repo/confyUI-flow-back/backend/.venv/lib/python3.13/site-packages/starlette/middleware/base.py", line 187, in __call__
    |     response = await self.dispatch_func(request, call_next)
    |                ^^^^^^^^^^^^^^^^^^^^^^^^^^^^^^^^^^^^^^^^^^^^
    |   File "/Users/guyin/Desktop/Echooo/repo/confyUI-flow-back/backend/app/main.py", line 50, in request_logging_middleware
    |     response = await call_next(request)
    |                ^^^^^^^^^^^^^^^^^^^^^^^^
    |   File "/Users/guyin/Desktop/Echooo/repo/confyUI-flow-back/backend/.venv/lib/python3.13/site-packages/starlette/middleware/base.py", line 163, in call_next
    |     raise app_exc
    |   File "/Users/guyin/Desktop/Echooo/repo/confyUI-flow-back/backend/.venv/lib/python3.13/site-packages/starlette/middleware/base.py", line 149, in coro
    |     await self.app(scope, receive_or_disconnect, send_no_error)
    |   File "/Users/guyin/Desktop/Echooo/repo/confyUI-flow-back/backend/.venv/lib/python3.13/site-packages/starlette/middleware/cors.py", line 93, in __call__
    |     await self.simple_response(scope, receive, send, request_headers=headers)
    |   File "/Users/guyin/Desktop/Echooo/repo/confyUI-flow-back/backend/.venv/lib/python3.13/site-packages/starlette/middleware/cors.py", line 144, in simple_response
    |     await self.app(scope, receive, send)
    |   File "/Users/guyin/Desktop/Echooo/repo/confyUI-flow-back/backend/.venv/lib/python3.13/site-packages/starlette/middleware/exceptions.py", line 62, in __call__
    |     await wrap_app_handling_exceptions(self.app, conn)(scope, receive, send)
    |   File "/Users/guyin/Desktop/Echooo/repo/confyUI-flow-back/backend/.venv/lib/python3.13/site-packages/starlette/_exception_handler.py", line 53, in wrapped_app
    |     raise exc
    |   File "/Users/guyin/Desktop/Echooo/repo/confyUI-flow-back/backend/.venv/lib/python3.13/site-packages/starlette/_exception_handler.py", line 42, in wrapped_app
    |     await app(scope, receive, sender)
    |   File "/Users/guyin/Desktop/Echooo/repo/confyUI-flow-back/backend/.venv/lib/python3.13/site-packages/starlette/routing.py", line 715, in __call__
    |     await self.middleware_stack(scope, receive, send)
    |   File "/Users/guyin/Desktop/Echooo/repo/confyUI-flow-back/backend/.venv/lib/python3.13/site-packages/starlette/routing.py", line 735, in app
    |     await route.handle(scope, receive, send)
    |   File "/Users/guyin/Desktop/Echooo/repo/confyUI-flow-back/backend/.venv/lib/python3.13/site-packages/starlette/routing.py", line 288, in handle
    |     await self.app(scope, receive, send)
    |   File "/Users/guyin/Desktop/Echooo/repo/confyUI-flow-back/backend/.venv/lib/python3.13/site-packages/starlette/routing.py", line 76, in app
    |     await wrap_app_handling_exceptions(app, request)(scope, receive, send)
    |   File "/Users/guyin/Desktop/Echooo/repo/confyUI-flow-back/backend/.venv/lib/python3.13/site-packages/starlette/_exception_handler.py", line 53, in wrapped_app
    |     raise exc
    |   File "/Users/guyin/Desktop/Echooo/repo/confyUI-flow-back/backend/.venv/lib/python3.13/site-packages/starlette/_exception_handler.py", line 42, in wrapped_app
    |     await app(scope, receive, sender)
    |   File "/Users/guyin/Desktop/Echooo/repo/confyUI-flow-back/backend/.venv/lib/python3.13/site-packages/starlette/routing.py", line 73, in app
    |     response = await f(request)
    |                ^^^^^^^^^^^^^^^^
    |   File "/Users/guyin/Desktop/Echooo/repo/confyUI-flow-back/backend/.venv/lib/python3.13/site-packages/fastapi/routing.py", line 301, in app
    |     raw_response = await run_endpoint_function(
    |                    ^^^^^^^^^^^^^^^^^^^^^^^^^^^^
    |     ...<3 lines>...
    |     )
    |     ^
    |   File "/Users/guyin/Desktop/Echooo/repo/confyUI-flow-back/backend/.venv/lib/python3.13/site-packages/fastapi/routing.py", line 212, in run_endpoint_function
    |     return await dependant.call(**values)
    |            ^^^^^^^^^^^^^^^^^^^^^^^^^^^^^^
    |   File "/Users/guyin/Desktop/Echooo/repo/confyUI-flow-back/backend/app/api/v1/video_tasks.py", line 122, in list_video_tasks
    |     data = VideoTaskListItem.model_validate(task)
    |   File "/Users/guyin/Desktop/Echooo/repo/confyUI-flow-back/backend/.venv/lib/python3.13/site-packages/pydantic/main.py", line 716, in model_validate
    |     return cls.__pydantic_validator__.validate_python(
    |            ~~~~~~~~~~~~~~~~~~~~~~~~~~~~~~~~~~~~~~~~~~^
    |         obj,
    |         ^^^^
    |     ...<5 lines>...
    |         by_name=by_name,
    |         ^^^^^^^^^^^^^^^^
    |     )
    |     ^
    | pydantic_core._pydantic_core.ValidationError: 1 validation error for VideoTaskListItem
    | sub_tasks
    |   Error extracting attribute: MissingGreenlet: greenlet_spawn has not been called; can't call await_only() here. Was IO attempted in an unexpected place? (Background on this error at: https://sqlalche.me/e/20/xd2s) [type=get_attribute_error, input_value=<app.models.video_task.Vi...k object at 0x10b470410>, input_type=VideoTask]
    |     For further information visit https://errors.pydantic.dev/2.12/v/get_attribute_error
    +------------------------------------

During handling of the above exception, another exception occurred:

Traceback (most recent call last):
  File "/Users/guyin/Desktop/Echooo/repo/confyUI-flow-back/backend/.venv/lib/python3.13/site-packages/uvicorn/protocols/http/httptools_impl.py", line 409, in run_asgi
    result = await app(  # type: ignore[func-returns-value]
             ^^^^^^^^^^^^^^^^^^^^^^^^^^^^^^^^^^^^^^^^^^^^^^
        self.scope, self.receive, self.send
        ^^^^^^^^^^^^^^^^^^^^^^^^^^^^^^^^^^^
    )
    ^
  File "/Users/guyin/Desktop/Echooo/repo/confyUI-flow-back/backend/.venv/lib/python3.13/site-packages/uvicorn/middleware/proxy_headers.py", line 60, in __call__
    return await self.app(scope, receive, send)
           ^^^^^^^^^^^^^^^^^^^^^^^^^^^^^^^^^^^^
  File "/Users/guyin/Desktop/Echooo/repo/confyUI-flow-back/backend/.venv/lib/python3.13/site-packages/fastapi/applications.py", line 1054, in __call__
    await super().__call__(scope, receive, send)
  File "/Users/guyin/Desktop/Echooo/repo/confyUI-flow-back/backend/.venv/lib/python3.13/site-packages/starlette/applications.py", line 113, in __call__
    await self.middleware_stack(scope, receive, send)
  File "/Users/guyin/Desktop/Echooo/repo/confyUI-flow-back/backend/.venv/lib/python3.13/site-packages/starlette/middleware/errors.py", line 187, in __call__
    raise exc
  File "/Users/guyin/Desktop/Echooo/repo/confyUI-flow-back/backend/.venv/lib/python3.13/site-packages/starlette/middleware/errors.py", line 165, in __call__
    await self.app(scope, receive, _send)
  File "/Users/guyin/Desktop/Echooo/repo/confyUI-flow-back/backend/.venv/lib/python3.13/site-packages/starlette/middleware/base.py", line 185, in __call__
    with collapse_excgroups():
         ~~~~~~~~~~~~~~~~~~^^
  File "/Users/guyin/.local/share/uv/python/cpython-3.13.3-macos-aarch64-none/lib/python3.13/contextlib.py", line 162, in __exit__
    self.gen.throw(value)
    ~~~~~~~~~~~~~~^^^^^^^
  File "/Users/guyin/Desktop/Echooo/repo/confyUI-flow-back/backend/.venv/lib/python3.13/site-packages/starlette/_utils.py", line 82, in collapse_excgroups
    raise exc
  File "/Users/guyin/Desktop/Echooo/repo/confyUI-flow-back/backend/.venv/lib/python3.13/site-packages/starlette/middleware/base.py", line 187, in __call__
    response = await self.dispatch_func(request, call_next)
               ^^^^^^^^^^^^^^^^^^^^^^^^^^^^^^^^^^^^^^^^^^^^
  File "/Users/guyin/Desktop/Echooo/repo/confyUI-flow-back/backend/app/main.py", line 50, in request_logging_middleware
    response = await call_next(request)
               ^^^^^^^^^^^^^^^^^^^^^^^^
  File "/Users/guyin/Desktop/Echooo/repo/confyUI-flow-back/backend/.venv/lib/python3.13/site-packages/starlette/middleware/base.py", line 163, in call_next
    raise app_exc
  File "/Users/guyin/Desktop/Echooo/repo/confyUI-flow-back/backend/.venv/lib/python3.13/site-packages/starlette/middleware/base.py", line 149, in coro
    await self.app(scope, receive_or_disconnect, send_no_error)
  File "/Users/guyin/Desktop/Echooo/repo/confyUI-flow-back/backend/.venv/lib/python3.13/site-packages/starlette/middleware/cors.py", line 93, in __call__
    await self.simple_response(scope, receive, send, request_headers=headers)
  File "/Users/guyin/Desktop/Echooo/repo/confyUI-flow-back/backend/.venv/lib/python3.13/site-packages/starlette/middleware/cors.py", line 144, in simple_response
    await self.app(scope, receive, send)
  File "/Users/guyin/Desktop/Echooo/repo/confyUI-flow-back/backend/.venv/lib/python3.13/site-packages/starlette/middleware/exceptions.py", line 62, in __call__
    await wrap_app_handling_exceptions(self.app, conn)(scope, receive, send)
  File "/Users/guyin/Desktop/Echooo/repo/confyUI-flow-back/backend/.venv/lib/python3.13/site-packages/starlette/_exception_handler.py", line 53, in wrapped_app
    raise exc
  File "/Users/guyin/Desktop/Echooo/repo/confyUI-flow-back/backend/.venv/lib/python3.13/site-packages/starlette/_exception_handler.py", line 42, in wrapped_app
    await app(scope, receive, sender)
  File "/Users/guyin/Desktop/Echooo/repo/confyUI-flow-back/backend/.venv/lib/python3.13/site-packages/starlette/routing.py", line 715, in __call__
    await self.middleware_stack(scope, receive, send)
  File "/Users/guyin/Desktop/Echooo/repo/confyUI-flow-back/backend/.venv/lib/python3.13/site-packages/starlette/routing.py", line 735, in app
    await route.handle(scope, receive, send)
  File "/Users/guyin/Desktop/Echooo/repo/confyUI-flow-back/backend/.venv/lib/python3.13/site-packages/starlette/routing.py", line 288, in handle
    await self.app(scope, receive, send)
  File "/Users/guyin/Desktop/Echooo/repo/confyUI-flow-back/backend/.venv/lib/python3.13/site-packages/starlette/routing.py", line 76, in app
    await wrap_app_handling_exceptions(app, request)(scope, receive, send)
  File "/Users/guyin/Desktop/Echooo/repo/confyUI-flow-back/backend/.venv/lib/python3.13/site-packages/starlette/_exception_handler.py", line 53, in wrapped_app
    raise exc
  File "/Users/guyin/Desktop/Echooo/repo/confyUI-flow-back/backend/.venv/lib/python3.13/site-packages/starlette/_exception_handler.py", line 42, in wrapped_app
    await app(scope, receive, sender)
  File "/Users/guyin/Desktop/Echooo/repo/confyUI-flow-back/backend/.venv/lib/python3.13/site-packages/starlette/routing.py", line 73, in app
    response = await f(request)
               ^^^^^^^^^^^^^^^^
  File "/Users/guyin/Desktop/Echooo/repo/confyUI-flow-back/backend/.venv/lib/python3.13/site-packages/fastapi/routing.py", line 301, in app
    raw_response = await run_endpoint_function(
                   ^^^^^^^^^^^^^^^^^^^^^^^^^^^^
    ...<3 lines>...
    )
    ^
  File "/Users/guyin/Desktop/Echooo/repo/confyUI-flow-back/backend/.venv/lib/python3.13/site-packages/fastapi/routing.py", line 212, in run_endpoint_function
    return await dependant.call(**values)
           ^^^^^^^^^^^^^^^^^^^^^^^^^^^^^^
  File "/Users/guyin/Desktop/Echooo/repo/confyUI-flow-back/backend/app/api/v1/video_tasks.py", line 122, in list_video_tasks
    data = VideoTaskListItem.model_validate(task)
  File "/Users/guyin/Desktop/Echooo/repo/confyUI-flow-back/backend/.venv/lib/python3.13/site-packages/pydantic/main.py", line 716, in model_validate
    return cls.__pydantic_validator__.validate_python(
           ~~~~~~~~~~~~~~~~~~~~~~~~~~~~~~~~~~~~~~~~~~^
        obj,
        ^^^^
    ...<5 lines>...
        by_name=by_name,
        ^^^^^^^^^^^^^^^^
    )
    ^
pydantic_core._pydantic_core.ValidationError: 1 validation error for VideoTaskListItem
sub_tasks
  Error extracting attribute: MissingGreenlet: greenlet_spawn has not been called; can't call await_only() here. Was IO attempted in an unexpected place? (Background on this error at: https://sqlalche.me/e/20/xd2s) [type=get_attribute_error, input_value=<app.models.video_task.Vi...k object at 0x10b470410>, input_type=VideoTask]
    For further information visit https://errors.pydantic.dev/2.12/v/get_attribute_error
2026-04-09 10:06:11,485 | INFO | app | [63f663e3] GET /api/v1/tiktok-bloggers -> 200 (61.10ms)
2026-04-09 10:06:11,487 | INFO | uvicorn.access | 127.0.0.1:58798 - "GET /api/v1/tiktok-bloggers HTTP/1.1" 200
2026-04-09 10:06:11,498 | INFO | app | [64682ba7] GET /api/v1/auth/profile -> 200 (81.15ms)
2026-04-09 10:06:11,498 | INFO | uvicorn.access | 127.0.0.1:58797 - "GET /api/v1/auth/profile HTTP/1.1" 200
2026-04-09 10:06:11,527 | INFO | app | [77ea34dd] GET /api/v1/video-tasks/stats?target_date=2026-04-09 -> 200 (9.96ms)
2026-04-09 10:06:11,527 | INFO | uvicorn.access | 127.0.0.1:58798 - "GET /api/v1/video-tasks/stats?target_date=2026-04-09 HTTP/1.1" 200
2026-04-09 10:06:11,606 | ERROR | app | [e6ebc777] GET /api/v1/video-tasks?page=1&page_size=20&target_date=2026-04-09 -> 500 (90.08ms)
Traceback (most recent call last):
  File "/Users/guyin/Desktop/Echooo/repo/confyUI-flow-back/backend/.venv/lib/python3.13/site-packages/starlette/middleware/base.py", line 157, in call_next
    message = await recv_stream.receive()
              ^^^^^^^^^^^^^^^^^^^^^^^^^^^
  File "/Users/guyin/Desktop/Echooo/repo/confyUI-flow-back/backend/.venv/lib/python3.13/site-packages/anyio/streams/memory.py", line 132, in receive
    raise EndOfStream from None
anyio.EndOfStream

During handling of the above exception, another exception occurred:

Traceback (most recent call last):
  File "/Users/guyin/Desktop/Echooo/repo/confyUI-flow-back/backend/app/main.py", line 50, in request_logging_middleware
    response = await call_next(request)
               ^^^^^^^^^^^^^^^^^^^^^^^^
  File "/Users/guyin/Desktop/Echooo/repo/confyUI-flow-back/backend/.venv/lib/python3.13/site-packages/starlette/middleware/base.py", line 163, in call_next
    raise app_exc
  File "/Users/guyin/Desktop/Echooo/repo/confyUI-flow-back/backend/.venv/lib/python3.13/site-packages/starlette/middleware/base.py", line 149, in coro
    await self.app(scope, receive_or_disconnect, send_no_error)
  File "/Users/guyin/Desktop/Echooo/repo/confyUI-flow-back/backend/.venv/lib/python3.13/site-packages/starlette/middleware/cors.py", line 93, in __call__
    await self.simple_response(scope, receive, send, request_headers=headers)
  File "/Users/guyin/Desktop/Echooo/repo/confyUI-flow-back/backend/.venv/lib/python3.13/site-packages/starlette/middleware/cors.py", line 144, in simple_response
    await self.app(scope, receive, send)
  File "/Users/guyin/Desktop/Echooo/repo/confyUI-flow-back/backend/.venv/lib/python3.13/site-packages/starlette/middleware/exceptions.py", line 62, in __call__
    await wrap_app_handling_exceptions(self.app, conn)(scope, receive, send)
  File "/Users/guyin/Desktop/Echooo/repo/confyUI-flow-back/backend/.venv/lib/python3.13/site-packages/starlette/_exception_handler.py", line 53, in wrapped_app
    raise exc
  File "/Users/guyin/Desktop/Echooo/repo/confyUI-flow-back/backend/.venv/lib/python3.13/site-packages/starlette/_exception_handler.py", line 42, in wrapped_app
    await app(scope, receive, sender)
  File "/Users/guyin/Desktop/Echooo/repo/confyUI-flow-back/backend/.venv/lib/python3.13/site-packages/starlette/routing.py", line 715, in __call__
    await self.middleware_stack(scope, receive, send)
  File "/Users/guyin/Desktop/Echooo/repo/confyUI-flow-back/backend/.venv/lib/python3.13/site-packages/starlette/routing.py", line 735, in app
    await route.handle(scope, receive, send)
  File "/Users/guyin/Desktop/Echooo/repo/confyUI-flow-back/backend/.venv/lib/python3.13/site-packages/starlette/routing.py", line 288, in handle
    await self.app(scope, receive, send)
  File "/Users/guyin/Desktop/Echooo/repo/confyUI-flow-back/backend/.venv/lib/python3.13/site-packages/starlette/routing.py", line 76, in app
    await wrap_app_handling_exceptions(app, request)(scope, receive, send)
  File "/Users/guyin/Desktop/Echooo/repo/confyUI-flow-back/backend/.venv/lib/python3.13/site-packages/starlette/_exception_handler.py", line 53, in wrapped_app
    raise exc
  File "/Users/guyin/Desktop/Echooo/repo/confyUI-flow-back/backend/.venv/lib/python3.13/site-packages/starlette/_exception_handler.py", line 42, in wrapped_app
    await app(scope, receive, sender)
  File "/Users/guyin/Desktop/Echooo/repo/confyUI-flow-back/backend/.venv/lib/python3.13/site-packages/starlette/routing.py", line 73, in app
    response = await f(request)
               ^^^^^^^^^^^^^^^^
  File "/Users/guyin/Desktop/Echooo/repo/confyUI-flow-back/backend/.venv/lib/python3.13/site-packages/fastapi/routing.py", line 301, in app
    raw_response = await run_endpoint_function(
                   ^^^^^^^^^^^^^^^^^^^^^^^^^^^^
    ...<3 lines>...
    )
    ^
  File "/Users/guyin/Desktop/Echooo/repo/confyUI-flow-back/backend/.venv/lib/python3.13/site-packages/fastapi/routing.py", line 212, in run_endpoint_function
    return await dependant.call(**values)
           ^^^^^^^^^^^^^^^^^^^^^^^^^^^^^^
  File "/Users/guyin/Desktop/Echooo/repo/confyUI-flow-back/backend/app/api/v1/video_tasks.py", line 122, in list_video_tasks
    data = VideoTaskListItem.model_validate(task)
  File "/Users/guyin/Desktop/Echooo/repo/confyUI-flow-back/backend/.venv/lib/python3.13/site-packages/pydantic/main.py", line 716, in model_validate
    return cls.__pydantic_validator__.validate_python(
           ~~~~~~~~~~~~~~~~~~~~~~~~~~~~~~~~~~~~~~~~~~^
        obj,
        ^^^^
    ...<5 lines>...
        by_name=by_name,
        ^^^^^^^^^^^^^^^^
    )
    ^
pydantic_core._pydantic_core.ValidationError: 1 validation error for VideoTaskListItem
sub_tasks
  Error extracting attribute: MissingGreenlet: greenlet_spawn has not been called; can't call await_only() here. Was IO attempted in an unexpected place? (Background on this error at: https://sqlalche.me/e/20/xd2s) [type=get_attribute_error, input_value=<app.models.video_task.Vi...k object at 0x10b4704d0>, input_type=VideoTask]
    For further information visit https://errors.pydantic.dev/2.12/v/get_attribute_error
2026-04-09 10:06:11,614 | INFO | uvicorn.access | 127.0.0.1:58797 - "GET /api/v1/video-tasks?page=1&page_size=20&target_date=2026-04-09 HTTP/1.1" 500
2026-04-09 10:06:11,615 | ERROR | uvicorn.error | Exception in ASGI application
  + Exception Group Traceback (most recent call last):
  |   File "/Users/guyin/Desktop/Echooo/repo/confyUI-flow-back/backend/.venv/lib/python3.13/site-packages/starlette/_utils.py", line 76, in collapse_excgroups
  |     yield
  |   File "/Users/guyin/Desktop/Echooo/repo/confyUI-flow-back/backend/.venv/lib/python3.13/site-packages/starlette/middleware/base.py", line 186, in __call__
  |     async with anyio.create_task_group() as task_group:
  |                ~~~~~~~~~~~~~~~~~~~~~~~^^
  |   File "/Users/guyin/Desktop/Echooo/repo/confyUI-flow-back/backend/.venv/lib/python3.13/site-packages/anyio/_backends/_asyncio.py", line 783, in __aexit__
  |     raise BaseExceptionGroup(
  |         "unhandled errors in a TaskGroup", self._exceptions
  |     ) from None
  | ExceptionGroup: unhandled errors in a TaskGroup (1 sub-exception)
  +-+---------------- 1 ----------------
    | Traceback (most recent call last):
    |   File "/Users/guyin/Desktop/Echooo/repo/confyUI-flow-back/backend/.venv/lib/python3.13/site-packages/uvicorn/protocols/http/httptools_impl.py", line 409, in run_asgi
    |     result = await app(  # type: ignore[func-returns-value]
    |              ^^^^^^^^^^^^^^^^^^^^^^^^^^^^^^^^^^^^^^^^^^^^^^
    |         self.scope, self.receive, self.send
    |         ^^^^^^^^^^^^^^^^^^^^^^^^^^^^^^^^^^^
    |     )
    |     ^
    |   File "/Users/guyin/Desktop/Echooo/repo/confyUI-flow-back/backend/.venv/lib/python3.13/site-packages/uvicorn/middleware/proxy_headers.py", line 60, in __call__
    |     return await self.app(scope, receive, send)
    |            ^^^^^^^^^^^^^^^^^^^^^^^^^^^^^^^^^^^^
    |   File "/Users/guyin/Desktop/Echooo/repo/confyUI-flow-back/backend/.venv/lib/python3.13/site-packages/fastapi/applications.py", line 1054, in __call__
    |     await super().__call__(scope, receive, send)
    |   File "/Users/guyin/Desktop/Echooo/repo/confyUI-flow-back/backend/.venv/lib/python3.13/site-packages/starlette/applications.py", line 113, in __call__
    |     await self.middleware_stack(scope, receive, send)
    |   File "/Users/guyin/Desktop/Echooo/repo/confyUI-flow-back/backend/.venv/lib/python3.13/site-packages/starlette/middleware/errors.py", line 187, in __call__
    |     raise exc
    |   File "/Users/guyin/Desktop/Echooo/repo/confyUI-flow-back/backend/.venv/lib/python3.13/site-packages/starlette/middleware/errors.py", line 165, in __call__
    |     await self.app(scope, receive, _send)
    |   File "/Users/guyin/Desktop/Echooo/repo/confyUI-flow-back/backend/.venv/lib/python3.13/site-packages/starlette/middleware/base.py", line 185, in __call__
    |     with collapse_excgroups():
    |          ~~~~~~~~~~~~~~~~~~^^
    |   File "/Users/guyin/.local/share/uv/python/cpython-3.13.3-macos-aarch64-none/lib/python3.13/contextlib.py", line 162, in __exit__
    |     self.gen.throw(value)
    |     ~~~~~~~~~~~~~~^^^^^^^
    |   File "/Users/guyin/Desktop/Echooo/repo/confyUI-flow-back/backend/.venv/lib/python3.13/site-packages/starlette/_utils.py", line 82, in collapse_excgroups
    |     raise exc
    |   File "/Users/guyin/Desktop/Echooo/repo/confyUI-flow-back/backend/.venv/lib/python3.13/site-packages/starlette/middleware/base.py", line 187, in __call__
    |     response = await self.dispatch_func(request, call_next)
    |                ^^^^^^^^^^^^^^^^^^^^^^^^^^^^^^^^^^^^^^^^^^^^
    |   File "/Users/guyin/Desktop/Echooo/repo/confyUI-flow-back/backend/app/main.py", line 50, in request_logging_middleware
    |     response = await call_next(request)
    |                ^^^^^^^^^^^^^^^^^^^^^^^^
    |   File "/Users/guyin/Desktop/Echooo/repo/confyUI-flow-back/backend/.venv/lib/python3.13/site-packages/starlette/middleware/base.py", line 163, in call_next
    |     raise app_exc
    |   File "/Users/guyin/Desktop/Echooo/repo/confyUI-flow-back/backend/.venv/lib/python3.13/site-packages/starlette/middleware/base.py", line 149, in coro
    |     await self.app(scope, receive_or_disconnect, send_no_error)
    |   File "/Users/guyin/Desktop/Echooo/repo/confyUI-flow-back/backend/.venv/lib/python3.13/site-packages/starlette/middleware/cors.py", line 93, in __call__
    |     await self.simple_response(scope, receive, send, request_headers=headers)
    |   File "/Users/guyin/Desktop/Echooo/repo/confyUI-flow-back/backend/.venv/lib/python3.13/site-packages/starlette/middleware/cors.py", line 144, in simple_response
    |     await self.app(scope, receive, send)
    |   File "/Users/guyin/Desktop/Echooo/repo/confyUI-flow-back/backend/.venv/lib/python3.13/site-packages/starlette/middleware/exceptions.py", line 62, in __call__
    |     await wrap_app_handling_exceptions(self.app, conn)(scope, receive, send)
    |   File "/Users/guyin/Desktop/Echooo/repo/confyUI-flow-back/backend/.venv/lib/python3.13/site-packages/starlette/_exception_handler.py", line 53, in wrapped_app
    |     raise exc
    |   File "/Users/guyin/Desktop/Echooo/repo/confyUI-flow-back/backend/.venv/lib/python3.13/site-packages/starlette/_exception_handler.py", line 42, in wrapped_app
    |     await app(scope, receive, sender)
    |   File "/Users/guyin/Desktop/Echooo/repo/confyUI-flow-back/backend/.venv/lib/python3.13/site-packages/starlette/routing.py", line 715, in __call__
    |     await self.middleware_stack(scope, receive, send)
    |   File "/Users/guyin/Desktop/Echooo/repo/confyUI-flow-back/backend/.venv/lib/python3.13/site-packages/starlette/routing.py", line 735, in app
    |     await route.handle(scope, receive, send)
    |   File "/Users/guyin/Desktop/Echooo/repo/confyUI-flow-back/backend/.venv/lib/python3.13/site-packages/starlette/routing.py", line 288, in handle
    |     await self.app(scope, receive, send)
    |   File "/Users/guyin/Desktop/Echooo/repo/confyUI-flow-back/backend/.venv/lib/python3.13/site-packages/starlette/routing.py", line 76, in app
    |     await wrap_app_handling_exceptions(app, request)(scope, receive, send)
    |   File "/Users/guyin/Desktop/Echooo/repo/confyUI-flow-back/backend/.venv/lib/python3.13/site-packages/starlette/_exception_handler.py", line 53, in wrapped_app
    |     raise exc
    |   File "/Users/guyin/Desktop/Echooo/repo/confyUI-flow-back/backend/.venv/lib/python3.13/site-packages/starlette/_exception_handler.py", line 42, in wrapped_app
    |     await app(scope, receive, sender)
    |   File "/Users/guyin/Desktop/Echooo/repo/confyUI-flow-back/backend/.venv/lib/python3.13/site-packages/starlette/routing.py", line 73, in app
    |     response = await f(request)
    |                ^^^^^^^^^^^^^^^^
    |   File "/Users/guyin/Desktop/Echooo/repo/confyUI-flow-back/backend/.venv/lib/python3.13/site-packages/fastapi/routing.py", line 301, in app
    |     raw_response = await run_endpoint_function(
    |                    ^^^^^^^^^^^^^^^^^^^^^^^^^^^^
    |     ...<3 lines>...
    |     )
    |     ^
    |   File "/Users/guyin/Desktop/Echooo/repo/confyUI-flow-back/backend/.venv/lib/python3.13/site-packages/fastapi/routing.py", line 212, in run_endpoint_function
    |     return await dependant.call(**values)
    |            ^^^^^^^^^^^^^^^^^^^^^^^^^^^^^^
    |   File "/Users/guyin/Desktop/Echooo/repo/confyUI-flow-back/backend/app/api/v1/video_tasks.py", line 122, in list_video_tasks
    |     data = VideoTaskListItem.model_validate(task)
    |   File "/Users/guyin/Desktop/Echooo/repo/confyUI-flow-back/backend/.venv/lib/python3.13/site-packages/pydantic/main.py", line 716, in model_validate
    |     return cls.__pydantic_validator__.validate_python(
    |            ~~~~~~~~~~~~~~~~~~~~~~~~~~~~~~~~~~~~~~~~~~^
    |         obj,
    |         ^^^^
    |     ...<5 lines>...
    |         by_name=by_name,
    |         ^^^^^^^^^^^^^^^^
    |     )
    |     ^
    | pydantic_core._pydantic_core.ValidationError: 1 validation error for VideoTaskListItem
    | sub_tasks
    |   Error extracting attribute: MissingGreenlet: greenlet_spawn has not been called; can't call await_only() here. Was IO attempted in an unexpected place? (Background on this error at: https://sqlalche.me/e/20/xd2s) [type=get_attribute_error, input_value=<app.models.video_task.Vi...k object at 0x10b4704d0>, input_type=VideoTask]
    |     For further information visit https://errors.pydantic.dev/2.12/v/get_attribute_error
    +------------------------------------

During handling of the above exception, another exception occurred:

Traceback (most recent call last):
  File "/Users/guyin/Desktop/Echooo/repo/confyUI-flow-back/backend/.venv/lib/python3.13/site-packages/uvicorn/protocols/http/httptools_impl.py", line 409, in run_asgi
    result = await app(  # type: ignore[func-returns-value]
             ^^^^^^^^^^^^^^^^^^^^^^^^^^^^^^^^^^^^^^^^^^^^^^
        self.scope, self.receive, self.send
        ^^^^^^^^^^^^^^^^^^^^^^^^^^^^^^^^^^^
    )
    ^
  File "/Users/guyin/Desktop/Echooo/repo/confyUI-flow-back/backend/.venv/lib/python3.13/site-packages/uvicorn/middleware/proxy_headers.py", line 60, in __call__
    return await self.app(scope, receive, send)
           ^^^^^^^^^^^^^^^^^^^^^^^^^^^^^^^^^^^^
  File "/Users/guyin/Desktop/Echooo/repo/confyUI-flow-back/backend/.venv/lib/python3.13/site-packages/fastapi/applications.py", line 1054, in __call__
    await super().__call__(scope, receive, send)
  File "/Users/guyin/Desktop/Echooo/repo/confyUI-flow-back/backend/.venv/lib/python3.13/site-packages/starlette/applications.py", line 113, in __call__
    await self.middleware_stack(scope, receive, send)
  File "/Users/guyin/Desktop/Echooo/repo/confyUI-flow-back/backend/.venv/lib/python3.13/site-packages/starlette/middleware/errors.py", line 187, in __call__
    raise exc
  File "/Users/guyin/Desktop/Echooo/repo/confyUI-flow-back/backend/.venv/lib/python3.13/site-packages/starlette/middleware/errors.py", line 165, in __call__
    await self.app(scope, receive, _send)
  File "/Users/guyin/Desktop/Echooo/repo/confyUI-flow-back/backend/.venv/lib/python3.13/site-packages/starlette/middleware/base.py", line 185, in __call__
    with collapse_excgroups():
         ~~~~~~~~~~~~~~~~~~^^
  File "/Users/guyin/.local/share/uv/python/cpython-3.13.3-macos-aarch64-none/lib/python3.13/contextlib.py", line 162, in __exit__
    self.gen.throw(value)
    ~~~~~~~~~~~~~~^^^^^^^
  File "/Users/guyin/Desktop/Echooo/repo/confyUI-flow-back/backend/.venv/lib/python3.13/site-packages/starlette/_utils.py", line 82, in collapse_excgroups
    raise exc
  File "/Users/guyin/Desktop/Echooo/repo/confyUI-flow-back/backend/.venv/lib/python3.13/site-packages/starlette/middleware/base.py", line 187, in __call__
    response = await self.dispatch_func(request, call_next)
               ^^^^^^^^^^^^^^^^^^^^^^^^^^^^^^^^^^^^^^^^^^^^
  File "/Users/guyin/Desktop/Echooo/repo/confyUI-flow-back/backend/app/main.py", line 50, in request_logging_middleware
    response = await call_next(request)
               ^^^^^^^^^^^^^^^^^^^^^^^^
  File "/Users/guyin/Desktop/Echooo/repo/confyUI-flow-back/backend/.venv/lib/python3.13/site-packages/starlette/middleware/base.py", line 163, in call_next
    raise app_exc
  File "/Users/guyin/Desktop/Echooo/repo/confyUI-flow-back/backend/.venv/lib/python3.13/site-packages/starlette/middleware/base.py", line 149, in coro
    await self.app(scope, receive_or_disconnect, send_no_error)
  File "/Users/guyin/Desktop/Echooo/repo/confyUI-flow-back/backend/.venv/lib/python3.13/site-packages/starlette/middleware/cors.py", line 93, in __call__
    await self.simple_response(scope, receive, send, request_headers=headers)
  File "/Users/guyin/Desktop/Echooo/repo/confyUI-flow-back/backend/.venv/lib/python3.13/site-packages/starlette/middleware/cors.py", line 144, in simple_response
    await self.app(scope, receive, send)
  File "/Users/guyin/Desktop/Echooo/repo/confyUI-flow-back/backend/.venv/lib/python3.13/site-packages/starlette/middleware/exceptions.py", line 62, in __call__
    await wrap_app_handling_exceptions(self.app, conn)(scope, receive, send)
  File "/Users/guyin/Desktop/Echooo/repo/confyUI-flow-back/backend/.venv/lib/python3.13/site-packages/starlette/_exception_handler.py", line 53, in wrapped_app
    raise exc
  File "/Users/guyin/Desktop/Echooo/repo/confyUI-flow-back/backend/.venv/lib/python3.13/site-packages/starlette/_exception_handler.py", line 42, in wrapped_app
    await app(scope, receive, sender)
  File "/Users/guyin/Desktop/Echooo/repo/confyUI-flow-back/backend/.venv/lib/python3.13/site-packages/starlette/routing.py", line 715, in __call__
    await self.middleware_stack(scope, receive, send)
  File "/Users/guyin/Desktop/Echooo/repo/confyUI-flow-back/backend/.venv/lib/python3.13/site-packages/starlette/routing.py", line 735, in app
    await route.handle(scope, receive, send)
  File "/Users/guyin/Desktop/Echooo/repo/confyUI-flow-back/backend/.venv/lib/python3.13/site-packages/starlette/routing.py", line 288, in handle
    await self.app(scope, receive, send)
  File "/Users/guyin/Desktop/Echooo/repo/confyUI-flow-back/backend/.venv/lib/python3.13/site-packages/starlette/routing.py", line 76, in app
    await wrap_app_handling_exceptions(app, request)(scope, receive, send)
  File "/Users/guyin/Desktop/Echooo/repo/confyUI-flow-back/backend/.venv/lib/python3.13/site-packages/starlette/_exception_handler.py", line 53, in wrapped_app
    raise exc
  File "/Users/guyin/Desktop/Echooo/repo/confyUI-flow-back/backend/.venv/lib/python3.13/site-packages/starlette/_exception_handler.py", line 42, in wrapped_app
    await app(scope, receive, sender)
  File "/Users/guyin/Desktop/Echooo/repo/confyUI-flow-back/backend/.venv/lib/python3.13/site-packages/starlette/routing.py", line 73, in app
    response = await f(request)
               ^^^^^^^^^^^^^^^^
  File "/Users/guyin/Desktop/Echooo/repo/confyUI-flow-back/backend/.venv/lib/python3.13/site-packages/fastapi/routing.py", line 301, in app
    raw_response = await run_endpoint_function(
                   ^^^^^^^^^^^^^^^^^^^^^^^^^^^^
    ...<3 lines>...
    )
    ^
  File "/Users/guyin/Desktop/Echooo/repo/confyUI-flow-back/backend/.venv/lib/python3.13/site-packages/fastapi/routing.py", line 212, in run_endpoint_function
    return await dependant.call(**values)
           ^^^^^^^^^^^^^^^^^^^^^^^^^^^^^^
  File "/Users/guyin/Desktop/Echooo/repo/confyUI-flow-back/backend/app/api/v1/video_tasks.py", line 122, in list_video_tasks
    data = VideoTaskListItem.model_validate(task)
  File "/Users/guyin/Desktop/Echooo/repo/confyUI-flow-back/backend/.venv/lib/python3.13/site-packages/pydantic/main.py", line 716, in model_validate
    return cls.__pydantic_validator__.validate_python(
           ~~~~~~~~~~~~~~~~~~~~~~~~~~~~~~~~~~~~~~~~~~^
        obj,
        ^^^^
    ...<5 lines>...
        by_name=by_name,
        ^^^^^^^^^^^^^^^^
    )
    ^
pydantic_core._pydantic_core.ValidationError: 1 validation error for VideoTaskListItem
sub_tasks
  Error extracting attribute: MissingGreenlet: greenlet_spawn has not been called; can't call await_only() here. Was IO attempted in an unexpected place? (Background on this error at: https://sqlalche.me/e/20/xd2s) [type=get_attribute_error, input_value=<app.models.video_task.Vi...k object at 0x10b4704d0>, input_type=VideoTask]
    For further information visit https://errors.pydantic.dev/2.12/v/get_attribute_error
2026-04-09 10:06:20,146 | INFO | uvicorn.error | Shutting down
2026-04-09 10:06:20,250 | INFO | uvicorn.error | Waiting for application shutdown.
2026-04-09 10:06:20,267 | INFO | app.video_ai | Video AI queue processor stopped
2026-04-09 10:06:20,269 | INFO | app.ai_account | AI account queue processor stopped
2026-04-09 10:06:20,269 | INFO | app.video_publication_service | Video publication poller stopped
2026-04-09 10:06:20,269 | INFO | app.publication_metrics_scheduler | 【指标同步调度器】已停止
2026-04-09 10:06:20,270 | INFO | app.account_publish_scheduler | 【定时发布调度器】已停止
2026-04-09 10:06:20,270 | INFO | app.candidate_scheduler | 【候选库调度器】已停止
2026-04-09 10:06:20,271 | INFO | uvicorn.error | Application shutdown complete.
2026-04-09 10:06:20,271 | INFO | uvicorn.error | Finished server process [43552]
2026-04-09 10:06:24,742 | INFO | uvicorn.error | Started server process [66950]
2026-04-09 10:06:24,742 | INFO | uvicorn.error | Waiting for application startup.
2026-04-09 10:06:24,742 | INFO | app | Starting API with env=development db=postgresql+asyncpg://postgres:postgres@localhost:5432/task_manager
2026-04-09 10:06:24,866 | INFO | app.video_ai | Video AI queue processor started
2026-04-09 10:06:24,867 | INFO | app.ai_account | AI account queue processor started
2026-04-09 10:06:24,874 | INFO | app.video_publication_service | Video publication poller started
2026-04-09 10:06:24,874 | INFO | app.publication_metrics_scheduler | 【指标同步调度器】已启动
2026-04-09 10:06:24,874 | INFO | app.account_publish_scheduler | 【定时发布调度器】已启动，轮询间隔 60 秒
2026-04-09 10:06:24,874 | INFO | app.candidate_scheduler | 【候选库调度器】已启动
2026-04-09 10:06:24,880 | INFO | app.topics | No stuck keyword gen tasks found on startup
2026-04-09 10:06:24,937 | INFO | app.candidate_scheduler | 【候选库调度器】预填 _fired 完成，共 0 条
2026-04-09 10:06:24,964 | INFO | app.video_ai | No stuck video AI templates found on startup
2026-04-09 10:06:24,973 | INFO | app.video_source | No stuck video downloads found on startup
2026-04-09 10:06:25,013 | INFO | app.services.candidate_service | 【导入恢复】无中断的导入任务
2026-04-09 10:06:25,052 | INFO | app.services.candidate_service | 【全量审核】启动恢复：无中断的 AI 审核任务
2026-04-09 10:06:25,052 | INFO | uvicorn.error | Application startup complete.
2026-04-09 10:06:25,095 | INFO | app | [8b57c8b7] GET /api/v1/auth/profile -> 200 (5.06ms)
2026-04-09 10:06:25,095 | INFO | uvicorn.access | 127.0.0.1:58922 - "GET /api/v1/auth/profile HTTP/1.1" 200
2026-04-09 10:06:25,108 | INFO | app | [7e05b5ac] GET /api/v1/tiktok-bloggers -> 200 (11.78ms)
2026-04-09 10:06:25,108 | INFO | uvicorn.access | 127.0.0.1:58922 - "GET /api/v1/tiktok-bloggers HTTP/1.1" 200
2026-04-09 10:06:25,133 | INFO | app | [52153d1a] GET /api/v1/video-tasks/stats?target_date=2026-04-09 -> 200 (15.59ms)
2026-04-09 10:06:25,134 | INFO | uvicorn.access | 127.0.0.1:58928 - "GET /api/v1/video-tasks/stats?target_date=2026-04-09 HTTP/1.1" 200
2026-04-09 10:06:25,145 | ERROR | app | [8d827627] GET /api/v1/video-tasks?page=1&page_size=20&target_date=2026-04-09 -> 500 (28.15ms)
Traceback (most recent call last):
  File "/Users/guyin/Desktop/Echooo/repo/confyUI-flow-back/backend/.venv/lib/python3.13/site-packages/starlette/middleware/base.py", line 157, in call_next
    message = await recv_stream.receive()
              ^^^^^^^^^^^^^^^^^^^^^^^^^^^
  File "/Users/guyin/Desktop/Echooo/repo/confyUI-flow-back/backend/.venv/lib/python3.13/site-packages/anyio/streams/memory.py", line 132, in receive
    raise EndOfStream from None
anyio.EndOfStream

During handling of the above exception, another exception occurred:

Traceback (most recent call last):
  File "/Users/guyin/Desktop/Echooo/repo/confyUI-flow-back/backend/app/main.py", line 50, in request_logging_middleware
    response = await call_next(request)
               ^^^^^^^^^^^^^^^^^^^^^^^^
  File "/Users/guyin/Desktop/Echooo/repo/confyUI-flow-back/backend/.venv/lib/python3.13/site-packages/starlette/middleware/base.py", line 163, in call_next
    raise app_exc
  File "/Users/guyin/Desktop/Echooo/repo/confyUI-flow-back/backend/.venv/lib/python3.13/site-packages/starlette/middleware/base.py", line 149, in coro
    await self.app(scope, receive_or_disconnect, send_no_error)
  File "/Users/guyin/Desktop/Echooo/repo/confyUI-flow-back/backend/.venv/lib/python3.13/site-packages/starlette/middleware/cors.py", line 93, in __call__
    await self.simple_response(scope, receive, send, request_headers=headers)
  File "/Users/guyin/Desktop/Echooo/repo/confyUI-flow-back/backend/.venv/lib/python3.13/site-packages/starlette/middleware/cors.py", line 144, in simple_response
    await self.app(scope, receive, send)
  File "/Users/guyin/Desktop/Echooo/repo/confyUI-flow-back/backend/.venv/lib/python3.13/site-packages/starlette/middleware/exceptions.py", line 62, in __call__
    await wrap_app_handling_exceptions(self.app, conn)(scope, receive, send)
  File "/Users/guyin/Desktop/Echooo/repo/confyUI-flow-back/backend/.venv/lib/python3.13/site-packages/starlette/_exception_handler.py", line 53, in wrapped_app
    raise exc
  File "/Users/guyin/Desktop/Echooo/repo/confyUI-flow-back/backend/.venv/lib/python3.13/site-packages/starlette/_exception_handler.py", line 42, in wrapped_app
    await app(scope, receive, sender)
  File "/Users/guyin/Desktop/Echooo/repo/confyUI-flow-back/backend/.venv/lib/python3.13/site-packages/starlette/routing.py", line 715, in __call__
    await self.middleware_stack(scope, receive, send)
  File "/Users/guyin/Desktop/Echooo/repo/confyUI-flow-back/backend/.venv/lib/python3.13/site-packages/starlette/routing.py", line 735, in app
    await route.handle(scope, receive, send)
  File "/Users/guyin/Desktop/Echooo/repo/confyUI-flow-back/backend/.venv/lib/python3.13/site-packages/starlette/routing.py", line 288, in handle
    await self.app(scope, receive, send)
  File "/Users/guyin/Desktop/Echooo/repo/confyUI-flow-back/backend/.venv/lib/python3.13/site-packages/starlette/routing.py", line 76, in app
    await wrap_app_handling_exceptions(app, request)(scope, receive, send)
  File "/Users/guyin/Desktop/Echooo/repo/confyUI-flow-back/backend/.venv/lib/python3.13/site-packages/starlette/_exception_handler.py", line 53, in wrapped_app
    raise exc
  File "/Users/guyin/Desktop/Echooo/repo/confyUI-flow-back/backend/.venv/lib/python3.13/site-packages/starlette/_exception_handler.py", line 42, in wrapped_app
    await app(scope, receive, sender)
  File "/Users/guyin/Desktop/Echooo/repo/confyUI-flow-back/backend/.venv/lib/python3.13/site-packages/starlette/routing.py", line 73, in app
    response = await f(request)
               ^^^^^^^^^^^^^^^^
  File "/Users/guyin/Desktop/Echooo/repo/confyUI-flow-back/backend/.venv/lib/python3.13/site-packages/fastapi/routing.py", line 301, in app
    raw_response = await run_endpoint_function(
                   ^^^^^^^^^^^^^^^^^^^^^^^^^^^^
    ...<3 lines>...
    )
    ^
  File "/Users/guyin/Desktop/Echooo/repo/confyUI-flow-back/backend/.venv/lib/python3.13/site-packages/fastapi/routing.py", line 212, in run_endpoint_function
    return await dependant.call(**values)
           ^^^^^^^^^^^^^^^^^^^^^^^^^^^^^^
  File "/Users/guyin/Desktop/Echooo/repo/confyUI-flow-back/backend/app/api/v1/video_tasks.py", line 122, in list_video_tasks
    data = VideoTaskListItem.model_validate(task)
  File "/Users/guyin/Desktop/Echooo/repo/confyUI-flow-back/backend/.venv/lib/python3.13/site-packages/pydantic/main.py", line 716, in model_validate
    return cls.__pydantic_validator__.validate_python(
           ~~~~~~~~~~~~~~~~~~~~~~~~~~~~~~~~~~~~~~~~~~^
        obj,
        ^^^^
    ...<5 lines>...
        by_name=by_name,
        ^^^^^^^^^^^^^^^^
    )
    ^
pydantic_core._pydantic_core.ValidationError: 1 validation error for VideoTaskListItem
sub_tasks
  Error extracting attribute: MissingGreenlet: greenlet_spawn has not been called; can't call await_only() here. Was IO attempted in an unexpected place? (Background on this error at: https://sqlalche.me/e/20/xd2s) [type=get_attribute_error, input_value=<app.models.video_task.Vi...k object at 0x10f173b60>, input_type=VideoTask]
    For further information visit https://errors.pydantic.dev/2.12/v/get_attribute_error
2026-04-09 10:06:25,152 | INFO | uvicorn.access | 127.0.0.1:58922 - "GET /api/v1/video-tasks?page=1&page_size=20&target_date=2026-04-09 HTTP/1.1" 500
2026-04-09 10:06:25,152 | ERROR | uvicorn.error | Exception in ASGI application
  + Exception Group Traceback (most recent call last):
  |   File "/Users/guyin/Desktop/Echooo/repo/confyUI-flow-back/backend/.venv/lib/python3.13/site-packages/starlette/_utils.py", line 76, in collapse_excgroups
  |     yield
  |   File "/Users/guyin/Desktop/Echooo/repo/confyUI-flow-back/backend/.venv/lib/python3.13/site-packages/starlette/middleware/base.py", line 186, in __call__
  |     async with anyio.create_task_group() as task_group:
  |                ~~~~~~~~~~~~~~~~~~~~~~~^^
  |   File "/Users/guyin/Desktop/Echooo/repo/confyUI-flow-back/backend/.venv/lib/python3.13/site-packages/anyio/_backends/_asyncio.py", line 783, in __aexit__
  |     raise BaseExceptionGroup(
  |         "unhandled errors in a TaskGroup", self._exceptions
  |     ) from None
  | ExceptionGroup: unhandled errors in a TaskGroup (1 sub-exception)
  +-+---------------- 1 ----------------
    | Traceback (most recent call last):
    |   File "/Users/guyin/Desktop/Echooo/repo/confyUI-flow-back/backend/.venv/lib/python3.13/site-packages/uvicorn/protocols/http/httptools_impl.py", line 409, in run_asgi
    |     result = await app(  # type: ignore[func-returns-value]
    |              ^^^^^^^^^^^^^^^^^^^^^^^^^^^^^^^^^^^^^^^^^^^^^^
    |         self.scope, self.receive, self.send
    |         ^^^^^^^^^^^^^^^^^^^^^^^^^^^^^^^^^^^
    |     )
    |     ^
    |   File "/Users/guyin/Desktop/Echooo/repo/confyUI-flow-back/backend/.venv/lib/python3.13/site-packages/uvicorn/middleware/proxy_headers.py", line 60, in __call__
    |     return await self.app(scope, receive, send)
    |            ^^^^^^^^^^^^^^^^^^^^^^^^^^^^^^^^^^^^
    |   File "/Users/guyin/Desktop/Echooo/repo/confyUI-flow-back/backend/.venv/lib/python3.13/site-packages/fastapi/applications.py", line 1054, in __call__
    |     await super().__call__(scope, receive, send)
    |   File "/Users/guyin/Desktop/Echooo/repo/confyUI-flow-back/backend/.venv/lib/python3.13/site-packages/starlette/applications.py", line 113, in __call__
    |     await self.middleware_stack(scope, receive, send)
    |   File "/Users/guyin/Desktop/Echooo/repo/confyUI-flow-back/backend/.venv/lib/python3.13/site-packages/starlette/middleware/errors.py", line 187, in __call__
    |     raise exc
    |   File "/Users/guyin/Desktop/Echooo/repo/confyUI-flow-back/backend/.venv/lib/python3.13/site-packages/starlette/middleware/errors.py", line 165, in __call__
    |     await self.app(scope, receive, _send)
    |   File "/Users/guyin/Desktop/Echooo/repo/confyUI-flow-back/backend/.venv/lib/python3.13/site-packages/starlette/middleware/base.py", line 185, in __call__
    |     with collapse_excgroups():
    |          ~~~~~~~~~~~~~~~~~~^^
    |   File "/Users/guyin/.local/share/uv/python/cpython-3.13.3-macos-aarch64-none/lib/python3.13/contextlib.py", line 162, in __exit__
    |     self.gen.throw(value)
    |     ~~~~~~~~~~~~~~^^^^^^^
    |   File "/Users/guyin/Desktop/Echooo/repo/confyUI-flow-back/backend/.venv/lib/python3.13/site-packages/starlette/_utils.py", line 82, in collapse_excgroups
    |     raise exc
    |   File "/Users/guyin/Desktop/Echooo/repo/confyUI-flow-back/backend/.venv/lib/python3.13/site-packages/starlette/middleware/base.py", line 187, in __call__
    |     response = await self.dispatch_func(request, call_next)
    |                ^^^^^^^^^^^^^^^^^^^^^^^^^^^^^^^^^^^^^^^^^^^^
    |   File "/Users/guyin/Desktop/Echooo/repo/confyUI-flow-back/backend/app/main.py", line 50, in request_logging_middleware
    |     response = await call_next(request)
    |                ^^^^^^^^^^^^^^^^^^^^^^^^
    |   File "/Users/guyin/Desktop/Echooo/repo/confyUI-flow-back/backend/.venv/lib/python3.13/site-packages/starlette/middleware/base.py", line 163, in call_next
    |     raise app_exc
    |   File "/Users/guyin/Desktop/Echooo/repo/confyUI-flow-back/backend/.venv/lib/python3.13/site-packages/starlette/middleware/base.py", line 149, in coro
    |     await self.app(scope, receive_or_disconnect, send_no_error)
    |   File "/Users/guyin/Desktop/Echooo/repo/confyUI-flow-back/backend/.venv/lib/python3.13/site-packages/starlette/middleware/cors.py", line 93, in __call__
    |     await self.simple_response(scope, receive, send, request_headers=headers)
    |   File "/Users/guyin/Desktop/Echooo/repo/confyUI-flow-back/backend/.venv/lib/python3.13/site-packages/starlette/middleware/cors.py", line 144, in simple_response
    |     await self.app(scope, receive, send)
    |   File "/Users/guyin/Desktop/Echooo/repo/confyUI-flow-back/backend/.venv/lib/python3.13/site-packages/starlette/middleware/exceptions.py", line 62, in __call__
    |     await wrap_app_handling_exceptions(self.app, conn)(scope, receive, send)
    |   File "/Users/guyin/Desktop/Echooo/repo/confyUI-flow-back/backend/.venv/lib/python3.13/site-packages/starlette/_exception_handler.py", line 53, in wrapped_app
    |     raise exc
    |   File "/Users/guyin/Desktop/Echooo/repo/confyUI-flow-back/backend/.venv/lib/python3.13/site-packages/starlette/_exception_handler.py", line 42, in wrapped_app
    |     await app(scope, receive, sender)
    |   File "/Users/guyin/Desktop/Echooo/repo/confyUI-flow-back/backend/.venv/lib/python3.13/site-packages/starlette/routing.py", line 715, in __call__
    |     await self.middleware_stack(scope, receive, send)
    |   File "/Users/guyin/Desktop/Echooo/repo/confyUI-flow-back/backend/.venv/lib/python3.13/site-packages/starlette/routing.py", line 735, in app
    |     await route.handle(scope, receive, send)
    |   File "/Users/guyin/Desktop/Echooo/repo/confyUI-flow-back/backend/.venv/lib/python3.13/site-packages/starlette/routing.py", line 288, in handle
    |     await self.app(scope, receive, send)
    |   File "/Users/guyin/Desktop/Echooo/repo/confyUI-flow-back/backend/.venv/lib/python3.13/site-packages/starlette/routing.py", line 76, in app
    |     await wrap_app_handling_exceptions(app, request)(scope, receive, send)
    |   File "/Users/guyin/Desktop/Echooo/repo/confyUI-flow-back/backend/.venv/lib/python3.13/site-packages/starlette/_exception_handler.py", line 53, in wrapped_app
    |     raise exc
    |   File "/Users/guyin/Desktop/Echooo/repo/confyUI-flow-back/backend/.venv/lib/python3.13/site-packages/starlette/_exception_handler.py", line 42, in wrapped_app
    |     await app(scope, receive, sender)
    |   File "/Users/guyin/Desktop/Echooo/repo/confyUI-flow-back/backend/.venv/lib/python3.13/site-packages/starlette/routing.py", line 73, in app
    |     response = await f(request)
    |                ^^^^^^^^^^^^^^^^
    |   File "/Users/guyin/Desktop/Echooo/repo/confyUI-flow-back/backend/.venv/lib/python3.13/site-packages/fastapi/routing.py", line 301, in app
    |     raw_response = await run_endpoint_function(
    |                    ^^^^^^^^^^^^^^^^^^^^^^^^^^^^
    |     ...<3 lines>...
    |     )
    |     ^
    |   File "/Users/guyin/Desktop/Echooo/repo/confyUI-flow-back/backend/.venv/lib/python3.13/site-packages/fastapi/routing.py", line 212, in run_endpoint_function
    |     return await dependant.call(**values)
    |            ^^^^^^^^^^^^^^^^^^^^^^^^^^^^^^
    |   File "/Users/guyin/Desktop/Echooo/repo/confyUI-flow-back/backend/app/api/v1/video_tasks.py", line 122, in list_video_tasks
    |     data = VideoTaskListItem.model_validate(task)
    |   File "/Users/guyin/Desktop/Echooo/repo/confyUI-flow-back/backend/.venv/lib/python3.13/site-packages/pydantic/main.py", line 716, in model_validate
    |     return cls.__pydantic_validator__.validate_python(
    |            ~~~~~~~~~~~~~~~~~~~~~~~~~~~~~~~~~~~~~~~~~~^
    |         obj,
    |         ^^^^
    |     ...<5 lines>...
    |         by_name=by_name,
    |         ^^^^^^^^^^^^^^^^
    |     )
    |     ^
    | pydantic_core._pydantic_core.ValidationError: 1 validation error for VideoTaskListItem
    | sub_tasks
    |   Error extracting attribute: MissingGreenlet: greenlet_spawn has not been called; can't call await_only() here. Was IO attempted in an unexpected place? (Background on this error at: https://sqlalche.me/e/20/xd2s) [type=get_attribute_error, input_value=<app.models.video_task.Vi...k object at 0x10f173b60>, input_type=VideoTask]
    |     For further information visit https://errors.pydantic.dev/2.12/v/get_attribute_error
    +------------------------------------

During handling of the above exception, another exception occurred:

Traceback (most recent call last):
  File "/Users/guyin/Desktop/Echooo/repo/confyUI-flow-back/backend/.venv/lib/python3.13/site-packages/uvicorn/protocols/http/httptools_impl.py", line 409, in run_asgi
    result = await app(  # type: ignore[func-returns-value]
             ^^^^^^^^^^^^^^^^^^^^^^^^^^^^^^^^^^^^^^^^^^^^^^
        self.scope, self.receive, self.send
        ^^^^^^^^^^^^^^^^^^^^^^^^^^^^^^^^^^^
    )
    ^
  File "/Users/guyin/Desktop/Echooo/repo/confyUI-flow-back/backend/.venv/lib/python3.13/site-packages/uvicorn/middleware/proxy_headers.py", line 60, in __call__
    return await self.app(scope, receive, send)
           ^^^^^^^^^^^^^^^^^^^^^^^^^^^^^^^^^^^^
  File "/Users/guyin/Desktop/Echooo/repo/confyUI-flow-back/backend/.venv/lib/python3.13/site-packages/fastapi/applications.py", line 1054, in __call__
    await super().__call__(scope, receive, send)
  File "/Users/guyin/Desktop/Echooo/repo/confyUI-flow-back/backend/.venv/lib/python3.13/site-packages/starlette/applications.py", line 113, in __call__
    await self.middleware_stack(scope, receive, send)
  File "/Users/guyin/Desktop/Echooo/repo/confyUI-flow-back/backend/.venv/lib/python3.13/site-packages/starlette/middleware/errors.py", line 187, in __call__
    raise exc
  File "/Users/guyin/Desktop/Echooo/repo/confyUI-flow-back/backend/.venv/lib/python3.13/site-packages/starlette/middleware/errors.py", line 165, in __call__
    await self.app(scope, receive, _send)
  File "/Users/guyin/Desktop/Echooo/repo/confyUI-flow-back/backend/.venv/lib/python3.13/site-packages/starlette/middleware/base.py", line 185, in __call__
    with collapse_excgroups():
         ~~~~~~~~~~~~~~~~~~^^
  File "/Users/guyin/.local/share/uv/python/cpython-3.13.3-macos-aarch64-none/lib/python3.13/contextlib.py", line 162, in __exit__
    self.gen.throw(value)
    ~~~~~~~~~~~~~~^^^^^^^
  File "/Users/guyin/Desktop/Echooo/repo/confyUI-flow-back/backend/.venv/lib/python3.13/site-packages/starlette/_utils.py", line 82, in collapse_excgroups
    raise exc
  File "/Users/guyin/Desktop/Echooo/repo/confyUI-flow-back/backend/.venv/lib/python3.13/site-packages/starlette/middleware/base.py", line 187, in __call__
    response = await self.dispatch_func(request, call_next)
               ^^^^^^^^^^^^^^^^^^^^^^^^^^^^^^^^^^^^^^^^^^^^
  File "/Users/guyin/Desktop/Echooo/repo/confyUI-flow-back/backend/app/main.py", line 50, in request_logging_middleware
    response = await call_next(request)
               ^^^^^^^^^^^^^^^^^^^^^^^^
  File "/Users/guyin/Desktop/Echooo/repo/confyUI-flow-back/backend/.venv/lib/python3.13/site-packages/starlette/middleware/base.py", line 163, in call_next
    raise app_exc
  File "/Users/guyin/Desktop/Echooo/repo/confyUI-flow-back/backend/.venv/lib/python3.13/site-packages/starlette/middleware/base.py", line 149, in coro
    await self.app(scope, receive_or_disconnect, send_no_error)
  File "/Users/guyin/Desktop/Echooo/repo/confyUI-flow-back/backend/.venv/lib/python3.13/site-packages/starlette/middleware/cors.py", line 93, in __call__
    await self.simple_response(scope, receive, send, request_headers=headers)
  File "/Users/guyin/Desktop/Echooo/repo/confyUI-flow-back/backend/.venv/lib/python3.13/site-packages/starlette/middleware/cors.py", line 144, in simple_response
    await self.app(scope, receive, send)
  File "/Users/guyin/Desktop/Echooo/repo/confyUI-flow-back/backend/.venv/lib/python3.13/site-packages/starlette/middleware/exceptions.py", line 62, in __call__
    await wrap_app_handling_exceptions(self.app, conn)(scope, receive, send)
  File "/Users/guyin/Desktop/Echooo/repo/confyUI-flow-back/backend/.venv/lib/python3.13/site-packages/starlette/_exception_handler.py", line 53, in wrapped_app
    raise exc
  File "/Users/guyin/Desktop/Echooo/repo/confyUI-flow-back/backend/.venv/lib/python3.13/site-packages/starlette/_exception_handler.py", line 42, in wrapped_app
    await app(scope, receive, sender)
  File "/Users/guyin/Desktop/Echooo/repo/confyUI-flow-back/backend/.venv/lib/python3.13/site-packages/starlette/routing.py", line 715, in __call__
    await self.middleware_stack(scope, receive, send)
  File "/Users/guyin/Desktop/Echooo/repo/confyUI-flow-back/backend/.venv/lib/python3.13/site-packages/starlette/routing.py", line 735, in app
    await route.handle(scope, receive, send)
  File "/Users/guyin/Desktop/Echooo/repo/confyUI-flow-back/backend/.venv/lib/python3.13/site-packages/starlette/routing.py", line 288, in handle
    await self.app(scope, receive, send)
  File "/Users/guyin/Desktop/Echooo/repo/confyUI-flow-back/backend/.venv/lib/python3.13/site-packages/starlette/routing.py", line 76, in app
    await wrap_app_handling_exceptions(app, request)(scope, receive, send)
  File "/Users/guyin/Desktop/Echooo/repo/confyUI-flow-back/backend/.venv/lib/python3.13/site-packages/starlette/_exception_handler.py", line 53, in wrapped_app
    raise exc
  File "/Users/guyin/Desktop/Echooo/repo/confyUI-flow-back/backend/.venv/lib/python3.13/site-packages/starlette/_exception_handler.py", line 42, in wrapped_app
    await app(scope, receive, sender)
  File "/Users/guyin/Desktop/Echooo/repo/confyUI-flow-back/backend/.venv/lib/python3.13/site-packages/starlette/routing.py", line 73, in app
    response = await f(request)
               ^^^^^^^^^^^^^^^^
  File "/Users/guyin/Desktop/Echooo/repo/confyUI-flow-back/backend/.venv/lib/python3.13/site-packages/fastapi/routing.py", line 301, in app
    raw_response = await run_endpoint_function(
                   ^^^^^^^^^^^^^^^^^^^^^^^^^^^^
    ...<3 lines>...
    )
    ^
  File "/Users/guyin/Desktop/Echooo/repo/confyUI-flow-back/backend/.venv/lib/python3.13/site-packages/fastapi/routing.py", line 212, in run_endpoint_function
    return await dependant.call(**values)
           ^^^^^^^^^^^^^^^^^^^^^^^^^^^^^^
  File "/Users/guyin/Desktop/Echooo/repo/confyUI-flow-back/backend/app/api/v1/video_tasks.py", line 122, in list_video_tasks
    data = VideoTaskListItem.model_validate(task)
  File "/Users/guyin/Desktop/Echooo/repo/confyUI-flow-back/backend/.venv/lib/python3.13/site-packages/pydantic/main.py", line 716, in model_validate
    return cls.__pydantic_validator__.validate_python(
           ~~~~~~~~~~~~~~~~~~~~~~~~~~~~~~~~~~~~~~~~~~^
        obj,
        ^^^^
    ...<5 lines>...
        by_name=by_name,
        ^^^^^^^^^^^^^^^^
    )
    ^
pydantic_core._pydantic_core.ValidationError: 1 validation error for VideoTaskListItem
sub_tasks
  Error extracting attribute: MissingGreenlet: greenlet_spawn has not been called; can't call await_only() here. Was IO attempted in an unexpected place? (Background on this error at: https://sqlalche.me/e/20/xd2s) [type=get_attribute_error, input_value=<app.models.video_task.Vi...k object at 0x10f173b60>, input_type=VideoTask]
    For further information visit https://errors.pydantic.dev/2.12/v/get_attribute_error
2026-04-09 10:06:25,967 | INFO | uvicorn.error | Shutting down
2026-04-09 10:06:26,068 | INFO | uvicorn.error | Waiting for application shutdown.
2026-04-09 10:06:26,069 | INFO | app.video_ai | Video AI queue processor stopped
2026-04-09 10:06:26,069 | INFO | app.ai_account | AI account queue processor stopped
2026-04-09 10:06:26,069 | INFO | app.video_publication_service | Video publication poller stopped
2026-04-09 10:06:26,069 | INFO | app.publication_metrics_scheduler | 【指标同步调度器】已停止
2026-04-09 10:06:26,070 | INFO | app.account_publish_scheduler | 【定时发布调度器】已停止
2026-04-09 10:06:26,070 | INFO | app.candidate_scheduler | 【候选库调度器】已停止
2026-04-09 10:06:26,070 | INFO | uvicorn.error | Application shutdown complete.
2026-04-09 10:06:26,070 | INFO | uvicorn.error | Finished server process [66950]
2026-04-09 10:08:22,564 | INFO | uvicorn.error | Started server process [68649]
2026-04-09 10:08:22,565 | INFO | uvicorn.error | Waiting for application startup.
2026-04-09 10:08:22,566 | INFO | app | Starting API with env=development db=postgresql+asyncpg://postgres:postgres@localhost:5432/task_manager
2026-04-09 10:08:23,132 | INFO | app.video_ai | Video AI queue processor started
2026-04-09 10:08:23,132 | INFO | app.ai_account | AI account queue processor started
2026-04-09 10:08:23,141 | INFO | app.video_publication_service | Video publication poller started
2026-04-09 10:08:23,141 | INFO | app.publication_metrics_scheduler | 【指标同步调度器】已启动
2026-04-09 10:08:23,141 | INFO | app.account_publish_scheduler | 【定时发布调度器】已启动，轮询间隔 60 秒
2026-04-09 10:08:23,141 | INFO | app.candidate_scheduler | 【候选库调度器】已启动
2026-04-09 10:08:23,154 | INFO | app.topics | No stuck keyword gen tasks found on startup
2026-04-09 10:08:23,219 | INFO | app.candidate_scheduler | 【候选库调度器】预填 _fired 完成，共 0 条
2026-04-09 10:08:23,236 | INFO | app.video_ai | No stuck video AI templates found on startup
2026-04-09 10:08:23,244 | INFO | app.video_source | No stuck video downloads found on startup
2026-04-09 10:08:23,285 | INFO | app.services.candidate_service | 【导入恢复】无中断的导入任务
2026-04-09 10:08:23,310 | INFO | app.services.candidate_service | 【全量审核】启动恢复：无中断的 AI 审核任务
2026-04-09 10:08:23,310 | INFO | uvicorn.error | Application startup complete.
2026-04-09 10:08:25,099 | INFO | app | [0d102a5d] GET /api/v1/auth/profile -> 200 (26.92ms)
2026-04-09 10:08:25,100 | INFO | uvicorn.access | 127.0.0.1:59965 - "GET /api/v1/auth/profile HTTP/1.1" 200
2026-04-09 10:08:25,105 | INFO | app | [96605244] GET /api/v1/tiktok-bloggers -> 200 (31.08ms)
2026-04-09 10:08:25,105 | INFO | uvicorn.access | 127.0.0.1:59966 - "GET /api/v1/tiktok-bloggers HTTP/1.1" 200
2026-04-09 10:08:25,127 | INFO | app | [42d3d81b] GET /api/v1/video-tasks/stats?target_date=2026-04-09 -> 200 (13.57ms)
2026-04-09 10:08:25,127 | INFO | uvicorn.access | 127.0.0.1:59965 - "GET /api/v1/video-tasks/stats?target_date=2026-04-09 HTTP/1.1" 200
2026-04-09 10:08:25,143 | INFO | app | [c85d3c45] GET /api/v1/video-tasks?page=1&page_size=20&target_date=2026-04-09 -> 200 (30.71ms)
2026-04-09 10:08:25,143 | INFO | uvicorn.access | 127.0.0.1:59966 - "GET /api/v1/video-tasks?page=1&page_size=20&target_date=2026-04-09 HTTP/1.1" 200
2026-04-09 10:08:25,203 | INFO | app | [3ac544a3] GET /api/v1/video-tasks/stats?target_date=2026-04-09 -> 200 (8.31ms)
2026-04-09 10:08:25,203 | INFO | uvicorn.access | 127.0.0.1:59966 - "GET /api/v1/video-tasks/stats?target_date=2026-04-09 HTTP/1.1" 200
2026-04-09 10:08:34,691 | INFO | app | [35a5edba] OPTIONS /api/v1/video-tasks/7e740604-7a55-411f-bc19-6607be575f44 -> 200 (0.51ms)
2026-04-09 10:08:34,692 | INFO | uvicorn.access | 127.0.0.1:60051 - "OPTIONS /api/v1/video-tasks/7e740604-7a55-411f-bc19-6607be575f44 HTTP/1.1" 200
2026-04-09 10:08:34,752 | INFO | app | [504fe041] DELETE /api/v1/video-tasks/7e740604-7a55-411f-bc19-6607be575f44 -> 200 (58.89ms)
2026-04-09 10:08:34,752 | INFO | uvicorn.access | 127.0.0.1:60051 - "DELETE /api/v1/video-tasks/7e740604-7a55-411f-bc19-6607be575f44 HTTP/1.1" 200
2026-04-09 10:08:34,812 | INFO | app | [78e2067e] GET /api/v1/video-tasks?page=1&page_size=20&target_date=2026-04-09 -> 200 (45.95ms)
2026-04-09 10:08:34,812 | INFO | uvicorn.access | 127.0.0.1:60051 - "GET /api/v1/video-tasks?page=1&page_size=20&target_date=2026-04-09 HTTP/1.1" 200
2026-04-09 10:08:34,834 | INFO | app | [2bf648d0] GET /api/v1/video-tasks/stats?target_date=2026-04-09 -> 200 (13.89ms)
2026-04-09 10:08:34,835 | INFO | uvicorn.access | 127.0.0.1:60051 - "GET /api/v1/video-tasks/stats?target_date=2026-04-09 HTTP/1.1" 200
2026-04-09 10:08:38,192 | INFO | app | [a0a9f880] OPTIONS /api/v1/video-tasks/d3d44018-e8c6-4d5f-b933-3d5311b132f0 -> 200 (0.52ms)
2026-04-09 10:08:38,192 | INFO | uvicorn.access | 127.0.0.1:60051 - "OPTIONS /api/v1/video-tasks/d3d44018-e8c6-4d5f-b933-3d5311b132f0 HTTP/1.1" 200
2026-04-09 10:08:38,250 | INFO | app | [7f1d1e21] DELETE /api/v1/video-tasks/d3d44018-e8c6-4d5f-b933-3d5311b132f0 -> 200 (56.06ms)
2026-04-09 10:08:38,250 | INFO | uvicorn.access | 127.0.0.1:60051 - "DELETE /api/v1/video-tasks/d3d44018-e8c6-4d5f-b933-3d5311b132f0 HTTP/1.1" 200
2026-04-09 10:08:38,300 | INFO | app | [ad9c1541] GET /api/v1/video-tasks?page=1&page_size=20&target_date=2026-04-09 -> 200 (37.99ms)
2026-04-09 10:08:38,301 | INFO | uvicorn.access | 127.0.0.1:60051 - "GET /api/v1/video-tasks?page=1&page_size=20&target_date=2026-04-09 HTTP/1.1" 200
2026-04-09 10:08:38,332 | INFO | app | [2a74a576] GET /api/v1/video-tasks/stats?target_date=2026-04-09 -> 200 (22.97ms)
2026-04-09 10:08:38,332 | INFO | uvicorn.access | 127.0.0.1:60051 - "GET /api/v1/video-tasks/stats?target_date=2026-04-09 HTTP/1.1" 200
2026-04-09 10:08:39,889 | INFO | app | [4864902b] OPTIONS /api/v1/video-tasks/f68466f3-9ac0-4d66-9071-84fef47a5520 -> 200 (0.53ms)
2026-04-09 10:08:39,890 | INFO | uvicorn.access | 127.0.0.1:60051 - "OPTIONS /api/v1/video-tasks/f68466f3-9ac0-4d66-9071-84fef47a5520 HTTP/1.1" 200
2026-04-09 10:08:39,933 | INFO | app | [04bf058d] DELETE /api/v1/video-tasks/f68466f3-9ac0-4d66-9071-84fef47a5520 -> 200 (41.38ms)
2026-04-09 10:08:39,933 | INFO | uvicorn.access | 127.0.0.1:60051 - "DELETE /api/v1/video-tasks/f68466f3-9ac0-4d66-9071-84fef47a5520 HTTP/1.1" 200
2026-04-09 10:08:39,981 | INFO | app | [06499859] GET /api/v1/video-tasks?page=1&page_size=20&target_date=2026-04-09 -> 200 (39.05ms)
2026-04-09 10:08:39,981 | INFO | uvicorn.access | 127.0.0.1:60051 - "GET /api/v1/video-tasks?page=1&page_size=20&target_date=2026-04-09 HTTP/1.1" 200
2026-04-09 10:08:40,013 | INFO | app | [fdff9c46] GET /api/v1/video-tasks/stats?target_date=2026-04-09 -> 200 (23.11ms)
2026-04-09 10:08:40,013 | INFO | uvicorn.access | 127.0.0.1:60051 - "GET /api/v1/video-tasks/stats?target_date=2026-04-09 HTTP/1.1" 200
2026-04-09 10:08:41,413 | INFO | app | [062b9bf5] OPTIONS /api/v1/video-tasks/5f322cc1-bbf8-4439-a842-12796c746930 -> 200 (0.29ms)
2026-04-09 10:08:41,413 | INFO | uvicorn.access | 127.0.0.1:60051 - "OPTIONS /api/v1/video-tasks/5f322cc1-bbf8-4439-a842-12796c746930 HTTP/1.1" 200
2026-04-09 10:08:41,433 | INFO | app | [0cb963e6] DELETE /api/v1/video-tasks/5f322cc1-bbf8-4439-a842-12796c746930 -> 200 (18.62ms)
2026-04-09 10:08:41,434 | INFO | uvicorn.access | 127.0.0.1:60051 - "DELETE /api/v1/video-tasks/5f322cc1-bbf8-4439-a842-12796c746930 HTTP/1.1" 200
2026-04-09 10:08:41,471 | INFO | app | [079b57bf] GET /api/v1/video-tasks?page=1&page_size=20&target_date=2026-04-09 -> 200 (27.17ms)
2026-04-09 10:08:41,471 | INFO | uvicorn.access | 127.0.0.1:60051 - "GET /api/v1/video-tasks?page=1&page_size=20&target_date=2026-04-09 HTTP/1.1" 200
2026-04-09 10:08:41,483 | INFO | app | [fb63e27f] GET /api/v1/video-tasks/stats?target_date=2026-04-09 -> 200 (5.04ms)
2026-04-09 10:08:41,483 | INFO | uvicorn.access | 127.0.0.1:60051 - "GET /api/v1/video-tasks/stats?target_date=2026-04-09 HTTP/1.1" 200
2026-04-09 10:08:42,868 | INFO | app | [fd9dc0f9] OPTIONS /api/v1/video-tasks/ae12bbc8-126b-4e86-8c78-59523c934652 -> 200 (0.47ms)
2026-04-09 10:08:42,870 | INFO | uvicorn.access | 127.0.0.1:60051 - "OPTIONS /api/v1/video-tasks/ae12bbc8-126b-4e86-8c78-59523c934652 HTTP/1.1" 200
2026-04-09 10:08:42,901 | INFO | app | [91c8e4b6] DELETE /api/v1/video-tasks/ae12bbc8-126b-4e86-8c78-59523c934652 -> 200 (29.37ms)
2026-04-09 10:08:42,902 | INFO | uvicorn.access | 127.0.0.1:60051 - "DELETE /api/v1/video-tasks/ae12bbc8-126b-4e86-8c78-59523c934652 HTTP/1.1" 200
2026-04-09 10:08:42,932 | INFO | app | [fa0af4e6] GET /api/v1/video-tasks?page=1&page_size=20&target_date=2026-04-09 -> 200 (20.26ms)
2026-04-09 10:08:42,932 | INFO | uvicorn.access | 127.0.0.1:60051 - "GET /api/v1/video-tasks?page=1&page_size=20&target_date=2026-04-09 HTTP/1.1" 200
2026-04-09 10:08:42,955 | INFO | app | [304aea27] GET /api/v1/video-tasks/stats?target_date=2026-04-09 -> 200 (16.06ms)
2026-04-09 10:08:42,955 | INFO | uvicorn.access | 127.0.0.1:60051 - "GET /api/v1/video-tasks/stats?target_date=2026-04-09 HTTP/1.1" 200
2026-04-09 10:08:44,284 | INFO | app | [bb9c5806] OPTIONS /api/v1/video-tasks/160e0b85-75ca-4cf9-8337-02ded4124bee -> 200 (1.43ms)
2026-04-09 10:08:44,285 | INFO | uvicorn.access | 127.0.0.1:60051 - "OPTIONS /api/v1/video-tasks/160e0b85-75ca-4cf9-8337-02ded4124bee HTTP/1.1" 200
2026-04-09 10:08:44,318 | INFO | app | [3eded0be] DELETE /api/v1/video-tasks/160e0b85-75ca-4cf9-8337-02ded4124bee -> 200 (29.87ms)
2026-04-09 10:08:44,318 | INFO | uvicorn.access | 127.0.0.1:60051 - "DELETE /api/v1/video-tasks/160e0b85-75ca-4cf9-8337-02ded4124bee HTTP/1.1" 200
2026-04-09 10:08:44,356 | INFO | app | [17689de7] GET /api/v1/video-tasks?page=1&page_size=20&target_date=2026-04-09 -> 200 (25.80ms)
2026-04-09 10:08:44,356 | INFO | uvicorn.access | 127.0.0.1:60051 - "GET /api/v1/video-tasks?page=1&page_size=20&target_date=2026-04-09 HTTP/1.1" 200
2026-04-09 10:08:44,385 | INFO | app | [071e4771] GET /api/v1/video-tasks/stats?target_date=2026-04-09 -> 200 (21.57ms)
2026-04-09 10:08:44,386 | INFO | uvicorn.access | 127.0.0.1:60051 - "GET /api/v1/video-tasks/stats?target_date=2026-04-09 HTTP/1.1" 200
2026-04-09 10:08:47,396 | INFO | app | [7fc485df] OPTIONS /api/v1/video-tasks/df57fcaf-0fac-4af6-ade3-614ff38169ce -> 200 (0.44ms)
2026-04-09 10:08:47,396 | INFO | uvicorn.access | 127.0.0.1:60051 - "OPTIONS /api/v1/video-tasks/df57fcaf-0fac-4af6-ade3-614ff38169ce HTTP/1.1" 200
2026-04-09 10:08:47,426 | INFO | app | [59828431] DELETE /api/v1/video-tasks/df57fcaf-0fac-4af6-ade3-614ff38169ce -> 200 (28.34ms)
2026-04-09 10:08:47,426 | INFO | uvicorn.access | 127.0.0.1:60051 - "DELETE /api/v1/video-tasks/df57fcaf-0fac-4af6-ade3-614ff38169ce HTTP/1.1" 200
2026-04-09 10:08:47,481 | INFO | app | [0f0eae5a] GET /api/v1/video-tasks?page=1&page_size=20&target_date=2026-04-09 -> 200 (48.07ms)
2026-04-09 10:08:47,481 | INFO | uvicorn.access | 127.0.0.1:60051 - "GET /api/v1/video-tasks?page=1&page_size=20&target_date=2026-04-09 HTTP/1.1" 200
2026-04-09 10:08:47,508 | INFO | app | [702ad8be] GET /api/v1/video-tasks/stats?target_date=2026-04-09 -> 200 (15.15ms)
2026-04-09 10:08:47,508 | INFO | uvicorn.access | 127.0.0.1:60051 - "GET /api/v1/video-tasks/stats?target_date=2026-04-09 HTTP/1.1" 200
2026-04-09 10:08:49,006 | INFO | app | [bf22c956] OPTIONS /api/v1/video-tasks/9ec58f34-5406-4f73-84a8-f17e558c7910 -> 200 (1.43ms)
2026-04-09 10:08:49,006 | INFO | uvicorn.access | 127.0.0.1:60051 - "OPTIONS /api/v1/video-tasks/9ec58f34-5406-4f73-84a8-f17e558c7910 HTTP/1.1" 200
2026-04-09 10:08:49,055 | INFO | app | [1450302e] DELETE /api/v1/video-tasks/9ec58f34-5406-4f73-84a8-f17e558c7910 -> 200 (44.62ms)
2026-04-09 10:08:49,056 | INFO | uvicorn.access | 127.0.0.1:60051 - "DELETE /api/v1/video-tasks/9ec58f34-5406-4f73-84a8-f17e558c7910 HTTP/1.1" 200
2026-04-09 10:08:49,120 | INFO | app | [8a9ec1f7] GET /api/v1/video-tasks?page=1&page_size=20&target_date=2026-04-09 -> 200 (50.97ms)
2026-04-09 10:08:49,120 | INFO | uvicorn.access | 127.0.0.1:60051 - "GET /api/v1/video-tasks?page=1&page_size=20&target_date=2026-04-09 HTTP/1.1" 200
2026-04-09 10:08:49,136 | INFO | app | [2b11dbe4] GET /api/v1/video-tasks/stats?target_date=2026-04-09 -> 200 (8.74ms)
2026-04-09 10:08:49,136 | INFO | uvicorn.access | 127.0.0.1:60051 - "GET /api/v1/video-tasks/stats?target_date=2026-04-09 HTTP/1.1" 200
2026-04-09 10:08:51,733 | INFO | app | [cd9a5157] OPTIONS /api/v1/video-tasks/b90cc741-0395-4701-9875-1fb860e90c78 -> 200 (2.70ms)
2026-04-09 10:08:51,733 | INFO | uvicorn.access | 127.0.0.1:60051 - "OPTIONS /api/v1/video-tasks/b90cc741-0395-4701-9875-1fb860e90c78 HTTP/1.1" 200
2026-04-09 10:08:51,763 | INFO | app | [2679439b] DELETE /api/v1/video-tasks/b90cc741-0395-4701-9875-1fb860e90c78 -> 200 (28.68ms)
2026-04-09 10:08:51,763 | INFO | uvicorn.access | 127.0.0.1:60051 - "DELETE /api/v1/video-tasks/b90cc741-0395-4701-9875-1fb860e90c78 HTTP/1.1" 200
2026-04-09 10:08:51,806 | INFO | app | [3d01b4df] GET /api/v1/video-tasks?page=1&page_size=20&target_date=2026-04-09 -> 200 (29.42ms)
2026-04-09 10:08:51,807 | INFO | uvicorn.access | 127.0.0.1:60051 - "GET /api/v1/video-tasks?page=1&page_size=20&target_date=2026-04-09 HTTP/1.1" 200
2026-04-09 10:08:51,842 | INFO | app | [07a2a3e1] GET /api/v1/video-tasks/stats?target_date=2026-04-09 -> 200 (26.25ms)
2026-04-09 10:08:51,842 | INFO | uvicorn.access | 127.0.0.1:60051 - "GET /api/v1/video-tasks/stats?target_date=2026-04-09 HTTP/1.1" 200
2026-04-09 10:08:53,023 | INFO | app | [8e261c5b] OPTIONS /api/v1/video-tasks/77f24ae9-3ec1-4bbd-b676-c0daa2aad029 -> 200 (1.21ms)
2026-04-09 10:08:53,024 | INFO | uvicorn.access | 127.0.0.1:60051 - "OPTIONS /api/v1/video-tasks/77f24ae9-3ec1-4bbd-b676-c0daa2aad029 HTTP/1.1" 200
2026-04-09 10:08:53,050 | INFO | app | [69355aae] DELETE /api/v1/video-tasks/77f24ae9-3ec1-4bbd-b676-c0daa2aad029 -> 200 (24.52ms)
2026-04-09 10:08:53,050 | INFO | uvicorn.access | 127.0.0.1:60051 - "DELETE /api/v1/video-tasks/77f24ae9-3ec1-4bbd-b676-c0daa2aad029 HTTP/1.1" 200
2026-04-09 10:08:53,101 | INFO | app | [292fd2ae] GET /api/v1/video-tasks?page=1&page_size=20&target_date=2026-04-09 -> 200 (43.56ms)
2026-04-09 10:08:53,101 | INFO | uvicorn.access | 127.0.0.1:60051 - "GET /api/v1/video-tasks?page=1&page_size=20&target_date=2026-04-09 HTTP/1.1" 200
2026-04-09 10:08:53,116 | INFO | app | [7df1dbb2] GET /api/v1/video-tasks/stats?target_date=2026-04-09 -> 200 (9.33ms)
2026-04-09 10:08:53,116 | INFO | uvicorn.access | 127.0.0.1:60051 - "GET /api/v1/video-tasks/stats?target_date=2026-04-09 HTTP/1.1" 200
2026-04-09 10:08:54,801 | INFO | app | [b8714d15] OPTIONS /api/v1/video-tasks/27e7bc8c-9a50-4e3b-b9de-24bc4cc7bd45 -> 200 (1.60ms)
2026-04-09 10:08:54,802 | INFO | uvicorn.access | 127.0.0.1:60051 - "OPTIONS /api/v1/video-tasks/27e7bc8c-9a50-4e3b-b9de-24bc4cc7bd45 HTTP/1.1" 200
2026-04-09 10:08:54,831 | INFO | app | [a4917b17] DELETE /api/v1/video-tasks/27e7bc8c-9a50-4e3b-b9de-24bc4cc7bd45 -> 200 (25.04ms)
2026-04-09 10:08:54,832 | INFO | uvicorn.access | 127.0.0.1:60225 - "DELETE /api/v1/video-tasks/27e7bc8c-9a50-4e3b-b9de-24bc4cc7bd45 HTTP/1.1" 200
2026-04-09 10:08:54,897 | INFO | app | [87bfb31e] GET /api/v1/video-tasks?page=1&page_size=20&target_date=2026-04-09 -> 200 (51.74ms)
2026-04-09 10:08:54,899 | INFO | uvicorn.access | 127.0.0.1:60225 - "GET /api/v1/video-tasks?page=1&page_size=20&target_date=2026-04-09 HTTP/1.1" 200
2026-04-09 10:08:54,916 | INFO | app | [40067a69] GET /api/v1/video-tasks/stats?target_date=2026-04-09 -> 200 (8.11ms)
2026-04-09 10:08:54,917 | INFO | uvicorn.access | 127.0.0.1:60225 - "GET /api/v1/video-tasks/stats?target_date=2026-04-09 HTTP/1.1" 200
2026-04-09 10:08:56,277 | INFO | app | [8303a2b0] OPTIONS /api/v1/video-tasks/d96490a4-71f1-43ac-98b1-6b9228db50f6 -> 200 (0.23ms)
2026-04-09 10:08:56,277 | INFO | uvicorn.access | 127.0.0.1:60225 - "OPTIONS /api/v1/video-tasks/d96490a4-71f1-43ac-98b1-6b9228db50f6 HTTP/1.1" 200
2026-04-09 10:08:56,289 | INFO | app | [4aebd766] DELETE /api/v1/video-tasks/d96490a4-71f1-43ac-98b1-6b9228db50f6 -> 200 (10.34ms)
2026-04-09 10:08:56,289 | INFO | uvicorn.access | 127.0.0.1:60225 - "DELETE /api/v1/video-tasks/d96490a4-71f1-43ac-98b1-6b9228db50f6 HTTP/1.1" 200
2026-04-09 10:08:56,319 | INFO | app | [985ced27] GET /api/v1/video-tasks?page=1&page_size=20&target_date=2026-04-09 -> 200 (19.92ms)
2026-04-09 10:08:56,319 | INFO | uvicorn.access | 127.0.0.1:60225 - "GET /api/v1/video-tasks?page=1&page_size=20&target_date=2026-04-09 HTTP/1.1" 200
2026-04-09 10:08:56,341 | INFO | app | [44adadfa] GET /api/v1/video-tasks/stats?target_date=2026-04-09 -> 200 (11.83ms)
2026-04-09 10:08:56,342 | INFO | uvicorn.access | 127.0.0.1:60225 - "GET /api/v1/video-tasks/stats?target_date=2026-04-09 HTTP/1.1" 200
2026-04-09 10:08:58,903 | INFO | app | [036d3511] OPTIONS /api/v1/video-tasks/e4404e17-4241-46d6-b568-79a80e06de27 -> 200 (0.96ms)
2026-04-09 10:08:58,905 | INFO | uvicorn.access | 127.0.0.1:60225 - "OPTIONS /api/v1/video-tasks/e4404e17-4241-46d6-b568-79a80e06de27 HTTP/1.1" 200
2026-04-09 10:08:58,983 | INFO | app | [d0cdfb96] DELETE /api/v1/video-tasks/e4404e17-4241-46d6-b568-79a80e06de27 -> 200 (75.71ms)
2026-04-09 10:08:58,984 | INFO | uvicorn.access | 127.0.0.1:60225 - "DELETE /api/v1/video-tasks/e4404e17-4241-46d6-b568-79a80e06de27 HTTP/1.1" 200
2026-04-09 10:08:59,052 | INFO | app | [6ed28ec4] GET /api/v1/video-tasks?page=1&page_size=20&target_date=2026-04-09 -> 200 (54.94ms)
2026-04-09 10:08:59,053 | INFO | uvicorn.access | 127.0.0.1:60225 - "GET /api/v1/video-tasks?page=1&page_size=20&target_date=2026-04-09 HTTP/1.1" 200
2026-04-09 10:08:59,073 | INFO | app | [3933dd1f] GET /api/v1/video-tasks/stats?target_date=2026-04-09 -> 200 (8.71ms)
2026-04-09 10:08:59,073 | INFO | uvicorn.access | 127.0.0.1:60225 - "GET /api/v1/video-tasks/stats?target_date=2026-04-09 HTTP/1.1" 200
2026-04-09 10:09:00,440 | INFO | app | [058673eb] OPTIONS /api/v1/video-tasks/ac415f4e-e03b-48b6-ac04-9af0c349abe9 -> 200 (0.88ms)
2026-04-09 10:09:00,441 | INFO | uvicorn.access | 127.0.0.1:60225 - "OPTIONS /api/v1/video-tasks/ac415f4e-e03b-48b6-ac04-9af0c349abe9 HTTP/1.1" 200
2026-04-09 10:09:00,500 | INFO | app | [8bce7565] DELETE /api/v1/video-tasks/ac415f4e-e03b-48b6-ac04-9af0c349abe9 -> 200 (56.13ms)
2026-04-09 10:09:00,500 | INFO | uvicorn.access | 127.0.0.1:60225 - "DELETE /api/v1/video-tasks/ac415f4e-e03b-48b6-ac04-9af0c349abe9 HTTP/1.1" 200
2026-04-09 10:09:00,562 | INFO | app | [473eff16] GET /api/v1/video-tasks?page=1&page_size=20&target_date=2026-04-09 -> 200 (50.54ms)
2026-04-09 10:09:00,563 | INFO | uvicorn.access | 127.0.0.1:60225 - "GET /api/v1/video-tasks?page=1&page_size=20&target_date=2026-04-09 HTTP/1.1" 200
2026-04-09 10:09:00,585 | INFO | app | [4bb4b172] GET /api/v1/video-tasks/stats?target_date=2026-04-09 -> 200 (15.64ms)
2026-04-09 10:09:00,586 | INFO | uvicorn.access | 127.0.0.1:60225 - "GET /api/v1/video-tasks/stats?target_date=2026-04-09 HTTP/1.1" 200
2026-04-09 10:09:01,953 | INFO | app | [b163553f] OPTIONS /api/v1/video-tasks/d812b175-2601-45ec-8a04-f519655d3999 -> 200 (1.18ms)
2026-04-09 10:09:01,954 | INFO | uvicorn.access | 127.0.0.1:60225 - "OPTIONS /api/v1/video-tasks/d812b175-2601-45ec-8a04-f519655d3999 HTTP/1.1" 200
2026-04-09 10:09:02,016 | INFO | app | [ea8ce177] DELETE /api/v1/video-tasks/d812b175-2601-45ec-8a04-f519655d3999 -> 200 (56.83ms)
2026-04-09 10:09:02,017 | INFO | uvicorn.access | 127.0.0.1:60225 - "DELETE /api/v1/video-tasks/d812b175-2601-45ec-8a04-f519655d3999 HTTP/1.1" 200
2026-04-09 10:09:02,073 | INFO | app | [d8dc6d20] GET /api/v1/video-tasks?page=1&page_size=20&target_date=2026-04-09 -> 200 (45.67ms)
2026-04-09 10:09:02,073 | INFO | uvicorn.access | 127.0.0.1:60225 - "GET /api/v1/video-tasks?page=1&page_size=20&target_date=2026-04-09 HTTP/1.1" 200
2026-04-09 10:09:02,101 | INFO | app | [d524bf2e] GET /api/v1/video-tasks/stats?target_date=2026-04-09 -> 200 (17.89ms)
2026-04-09 10:09:02,103 | INFO | uvicorn.access | 127.0.0.1:60225 - "GET /api/v1/video-tasks/stats?target_date=2026-04-09 HTTP/1.1" 200
2026-04-09 10:09:03,544 | INFO | app | [b15db1a0] OPTIONS /api/v1/video-tasks/28b37749-53a7-41da-a9d0-00a4b2633a7f -> 200 (1.09ms)
2026-04-09 10:09:03,545 | INFO | uvicorn.access | 127.0.0.1:60225 - "OPTIONS /api/v1/video-tasks/28b37749-53a7-41da-a9d0-00a4b2633a7f HTTP/1.1" 200
2026-04-09 10:09:03,605 | INFO | app | [e8aa724e] DELETE /api/v1/video-tasks/28b37749-53a7-41da-a9d0-00a4b2633a7f -> 200 (58.04ms)
2026-04-09 10:09:03,606 | INFO | uvicorn.access | 127.0.0.1:60225 - "DELETE /api/v1/video-tasks/28b37749-53a7-41da-a9d0-00a4b2633a7f HTTP/1.1" 200
2026-04-09 10:09:03,663 | INFO | app | [9780a2dc] GET /api/v1/video-tasks?page=1&page_size=20&target_date=2026-04-09 -> 200 (46.75ms)
2026-04-09 10:09:03,664 | INFO | uvicorn.access | 127.0.0.1:60225 - "GET /api/v1/video-tasks?page=1&page_size=20&target_date=2026-04-09 HTTP/1.1" 200
2026-04-09 10:09:03,684 | INFO | app | [79dbad95] GET /api/v1/video-tasks/stats?target_date=2026-04-09 -> 200 (14.11ms)
2026-04-09 10:09:03,685 | INFO | uvicorn.access | 127.0.0.1:60225 - "GET /api/v1/video-tasks/stats?target_date=2026-04-09 HTTP/1.1" 200
2026-04-09 10:09:05,243 | INFO | app | [394e6b4a] OPTIONS /api/v1/video-tasks/51b8a466-1ff3-4671-8314-0c2ef0b33131 -> 200 (1.68ms)
2026-04-09 10:09:05,245 | INFO | uvicorn.access | 127.0.0.1:60225 - "OPTIONS /api/v1/video-tasks/51b8a466-1ff3-4671-8314-0c2ef0b33131 HTTP/1.1" 200
2026-04-09 10:09:05,268 | INFO | app | [3217b55f] DELETE /api/v1/video-tasks/51b8a466-1ff3-4671-8314-0c2ef0b33131 -> 200 (21.18ms)
2026-04-09 10:09:05,268 | INFO | uvicorn.access | 127.0.0.1:60225 - "DELETE /api/v1/video-tasks/51b8a466-1ff3-4671-8314-0c2ef0b33131 HTTP/1.1" 200
2026-04-09 10:09:05,304 | INFO | app | [ae66d62e] GET /api/v1/video-tasks?page=1&page_size=20&target_date=2026-04-09 -> 200 (30.63ms)
2026-04-09 10:09:05,304 | INFO | uvicorn.access | 127.0.0.1:60225 - "GET /api/v1/video-tasks?page=1&page_size=20&target_date=2026-04-09 HTTP/1.1" 200
2026-04-09 10:09:05,329 | INFO | app | [1c0f03bb] GET /api/v1/video-tasks/stats?target_date=2026-04-09 -> 200 (14.92ms)
2026-04-09 10:09:05,329 | INFO | uvicorn.access | 127.0.0.1:60225 - "GET /api/v1/video-tasks/stats?target_date=2026-04-09 HTTP/1.1" 200
2026-04-09 10:09:07,106 | INFO | app | [90b8071f] OPTIONS /api/v1/flags -> 200 (1.60ms)
2026-04-09 10:09:07,107 | INFO | uvicorn.access | 127.0.0.1:60225 - "OPTIONS /api/v1/flags HTTP/1.1" 200
2026-04-09 10:09:07,108 | INFO | app | [302f322d] OPTIONS /api/v1/accounts?page=1&page_size=20 -> 200 (1.85ms)
2026-04-09 10:09:07,108 | INFO | uvicorn.access | 127.0.0.1:60331 - "OPTIONS /api/v1/accounts?page=1&page_size=20 HTTP/1.1" 200
2026-04-09 10:09:07,128 | INFO | app | [22b9394c] GET /api/v1/flags -> 200 (19.67ms)
2026-04-09 10:09:07,129 | INFO | uvicorn.access | 127.0.0.1:60331 - "GET /api/v1/flags HTTP/1.1" 200
2026-04-09 10:09:07,162 | INFO | app | [b15b4123] GET /api/v1/accounts?page=1&page_size=20 -> 200 (53.02ms)
2026-04-09 10:09:07,163 | INFO | uvicorn.access | 127.0.0.1:60225 - "GET /api/v1/accounts?page=1&page_size=20 HTTP/1.1" 200
2026-04-09 10:09:11,339 | INFO | app | [80dd3950] OPTIONS /api/v1/accounts?page=1&page_size=9999 -> 200 (0.54ms)
2026-04-09 10:09:11,339 | INFO | uvicorn.access | 127.0.0.1:60225 - "OPTIONS /api/v1/accounts?page=1&page_size=9999 HTTP/1.1" 200
2026-04-09 10:09:11,397 | INFO | app | [dda1f42c] GET /api/v1/accounts?page=1&page_size=9999 -> 200 (52.21ms)
2026-04-09 10:09:11,397 | INFO | uvicorn.access | 127.0.0.1:60225 - "GET /api/v1/accounts?page=1&page_size=9999 HTTP/1.1" 200
2026-04-09 10:09:11,403 | INFO | app | [10cd7f8f] OPTIONS /api/v1/accounts/bulk-generate-video-tasks -> 200 (0.21ms)
2026-04-09 10:09:11,403 | INFO | uvicorn.access | 127.0.0.1:60225 - "OPTIONS /api/v1/accounts/bulk-generate-video-tasks HTTP/1.1" 200
2026-04-09 10:09:11,581 | INFO | app | [5f4f6e37] POST /api/v1/accounts/bulk-generate-video-tasks -> 200 (177.26ms)
2026-04-09 10:09:11,581 | INFO | uvicorn.access | 127.0.0.1:60225 - "POST /api/v1/accounts/bulk-generate-video-tasks HTTP/1.1" 200
2026-04-09 10:09:15,665 | INFO | app | [2f672621] GET /api/v1/tiktok-bloggers -> 200 (35.09ms)
2026-04-09 10:09:15,666 | INFO | uvicorn.access | 127.0.0.1:60225 - "GET /api/v1/tiktok-bloggers HTTP/1.1" 200
2026-04-09 10:09:15,712 | INFO | app | [ab8a2222] GET /api/v1/video-tasks?page=1&page_size=20&target_date=2026-04-09 -> 200 (38.81ms)
2026-04-09 10:09:15,712 | INFO | uvicorn.access | 127.0.0.1:60225 - "GET /api/v1/video-tasks?page=1&page_size=20&target_date=2026-04-09 HTTP/1.1" 200
2026-04-09 10:09:15,712 | INFO | app | [19584a7e] GET /api/v1/video-tasks/stats?target_date=2026-04-09 -> 200 (36.92ms)
2026-04-09 10:09:15,712 | INFO | uvicorn.access | 127.0.0.1:60409 - "GET /api/v1/video-tasks/stats?target_date=2026-04-09 HTTP/1.1" 200
2026-04-09 10:09:17,964 | INFO | app | [43394199] OPTIONS /api/v1/video-tasks?page=1&page_size=20&target_date=2026-04-10 -> 200 (0.36ms)
2026-04-09 10:09:17,964 | INFO | uvicorn.access | 127.0.0.1:60409 - "OPTIONS /api/v1/video-tasks?page=1&page_size=20&target_date=2026-04-10 HTTP/1.1" 200
2026-04-09 10:09:18,005 | INFO | app | [73e95228] GET /api/v1/video-tasks?page=1&page_size=20&target_date=2026-04-10 -> 200 (39.62ms)
2026-04-09 10:09:18,005 | INFO | uvicorn.access | 127.0.0.1:60409 - "GET /api/v1/video-tasks?page=1&page_size=20&target_date=2026-04-10 HTTP/1.1" 200
2026-04-09 10:09:18,022 | INFO | app | [2b5e1bf8] OPTIONS /api/v1/video-tasks/stats?target_date=2026-04-10 -> 200 (5.81ms)
2026-04-09 10:09:18,022 | INFO | uvicorn.access | 127.0.0.1:60409 - "OPTIONS /api/v1/video-tasks/stats?target_date=2026-04-10 HTTP/1.1" 200
2026-04-09 10:09:18,045 | INFO | app | [98ec6dfa] GET /api/v1/video-tasks/stats?target_date=2026-04-10 -> 200 (19.94ms)
2026-04-09 10:09:18,045 | INFO | uvicorn.access | 127.0.0.1:60409 - "GET /api/v1/video-tasks/stats?target_date=2026-04-10 HTTP/1.1" 200
2026-04-09 10:10:44,700 | INFO | app | [99f47d9d] GET /api/v1/video-tasks?page=1&page_size=20&target_date=2026-04-10 -> 200 (46.42ms)
2026-04-09 10:10:44,701 | INFO | uvicorn.access | 127.0.0.1:61172 - "GET /api/v1/video-tasks?page=1&page_size=20&target_date=2026-04-10 HTTP/1.1" 200
2026-04-09 10:10:44,715 | INFO | app | [2198aca0] GET /api/v1/video-tasks/stats?target_date=2026-04-10 -> 200 (8.78ms)
2026-04-09 10:10:44,715 | INFO | uvicorn.access | 127.0.0.1:61172 - "GET /api/v1/video-tasks/stats?target_date=2026-04-10 HTTP/1.1" 200
2026-04-09 10:10:45,484 | INFO | app | [bf187b9f] GET /api/v1/video-tasks?page=1&page_size=20&target_date=2026-04-10 -> 200 (74.87ms)
2026-04-09 10:10:45,485 | INFO | uvicorn.access | 127.0.0.1:61172 - "GET /api/v1/video-tasks?page=1&page_size=20&target_date=2026-04-10 HTTP/1.1" 200
2026-04-09 10:10:45,509 | INFO | app | [47d76dda] GET /api/v1/video-tasks/stats?target_date=2026-04-10 -> 200 (20.31ms)
2026-04-09 10:10:45,509 | INFO | uvicorn.access | 127.0.0.1:61172 - "GET /api/v1/video-tasks/stats?target_date=2026-04-10 HTTP/1.1" 200
2026-04-09 10:10:45,594 | INFO | app | [5a3558ed] GET /api/v1/video-tasks?page=1&page_size=20&target_date=2026-04-10 -> 200 (38.63ms)
2026-04-09 10:10:45,594 | INFO | uvicorn.access | 127.0.0.1:61172 - "GET /api/v1/video-tasks?page=1&page_size=20&target_date=2026-04-10 HTTP/1.1" 200
2026-04-09 10:10:45,612 | INFO | app | [d3ca3179] GET /api/v1/video-tasks/stats?target_date=2026-04-10 -> 200 (12.86ms)
2026-04-09 10:10:45,613 | INFO | uvicorn.access | 127.0.0.1:61172 - "GET /api/v1/video-tasks/stats?target_date=2026-04-10 HTTP/1.1" 200
2026-04-09 10:10:45,709 | INFO | app | [b9a3f0e1] GET /api/v1/video-tasks?page=1&page_size=20&target_date=2026-04-10 -> 200 (21.00ms)
2026-04-09 10:10:45,709 | INFO | uvicorn.access | 127.0.0.1:61172 - "GET /api/v1/video-tasks?page=1&page_size=20&target_date=2026-04-10 HTTP/1.1" 200
2026-04-09 10:10:45,723 | INFO | app | [023c5478] GET /api/v1/video-tasks/stats?target_date=2026-04-10 -> 200 (9.95ms)
2026-04-09 10:10:45,723 | INFO | uvicorn.access | 127.0.0.1:61172 - "GET /api/v1/video-tasks/stats?target_date=2026-04-10 HTTP/1.1" 200
2026-04-09 10:10:45,900 | INFO | app | [8b1563cf] GET /api/v1/video-tasks?page=1&page_size=20&target_date=2026-04-10 -> 200 (11.75ms)
2026-04-09 10:10:45,900 | INFO | uvicorn.access | 127.0.0.1:61172 - "GET /api/v1/video-tasks?page=1&page_size=20&target_date=2026-04-10 HTTP/1.1" 200
2026-04-09 10:10:45,911 | INFO | app | [a2d973b4] GET /api/v1/video-tasks/stats?target_date=2026-04-10 -> 200 (4.79ms)
2026-04-09 10:10:45,911 | INFO | uvicorn.access | 127.0.0.1:61172 - "GET /api/v1/video-tasks/stats?target_date=2026-04-10 HTTP/1.1" 200
2026-04-09 10:10:46,069 | INFO | app | [dc327c73] GET /api/v1/video-tasks?page=1&page_size=20&target_date=2026-04-10 -> 200 (36.38ms)
2026-04-09 10:10:46,069 | INFO | uvicorn.access | 127.0.0.1:61172 - "GET /api/v1/video-tasks?page=1&page_size=20&target_date=2026-04-10 HTTP/1.1" 200
2026-04-09 10:10:46,091 | INFO | app | [512d1e7a] GET /api/v1/video-tasks/stats?target_date=2026-04-10 -> 200 (15.99ms)
2026-04-09 10:10:46,092 | INFO | uvicorn.access | 127.0.0.1:61172 - "GET /api/v1/video-tasks/stats?target_date=2026-04-10 HTTP/1.1" 200
2026-04-09 10:10:46,195 | INFO | app | [9d6dfd82] GET /api/v1/video-tasks?page=1&page_size=20&target_date=2026-04-10 -> 200 (19.44ms)
2026-04-09 10:10:46,195 | INFO | uvicorn.access | 127.0.0.1:61172 - "GET /api/v1/video-tasks?page=1&page_size=20&target_date=2026-04-10 HTTP/1.1" 200
2026-04-09 10:10:46,212 | INFO | app | [5efec4e6] GET /api/v1/video-tasks/stats?target_date=2026-04-10 -> 200 (13.22ms)
2026-04-09 10:10:46,212 | INFO | uvicorn.access | 127.0.0.1:61172 - "GET /api/v1/video-tasks/stats?target_date=2026-04-10 HTTP/1.1" 200
2026-04-09 10:10:46,357 | INFO | app | [16f7134f] GET /api/v1/video-tasks?page=1&page_size=20&target_date=2026-04-10 -> 200 (17.91ms)
2026-04-09 10:10:46,357 | INFO | uvicorn.access | 127.0.0.1:61172 - "GET /api/v1/video-tasks?page=1&page_size=20&target_date=2026-04-10 HTTP/1.1" 200
2026-04-09 10:10:46,368 | INFO | app | [bc577d7c] GET /api/v1/video-tasks/stats?target_date=2026-04-10 -> 200 (6.47ms)
2026-04-09 10:10:46,369 | INFO | uvicorn.access | 127.0.0.1:61172 - "GET /api/v1/video-tasks/stats?target_date=2026-04-10 HTTP/1.1" 200
2026-04-09 10:10:46,514 | INFO | app | [76f7bd37] GET /api/v1/video-tasks?page=1&page_size=20&target_date=2026-04-10 -> 200 (25.11ms)
2026-04-09 10:10:46,514 | INFO | uvicorn.access | 127.0.0.1:61172 - "GET /api/v1/video-tasks?page=1&page_size=20&target_date=2026-04-10 HTTP/1.1" 200
2026-04-09 10:10:46,533 | INFO | app | [7bdb70b4] GET /api/v1/video-tasks/stats?target_date=2026-04-10 -> 200 (12.92ms)
2026-04-09 10:10:46,533 | INFO | uvicorn.access | 127.0.0.1:61172 - "GET /api/v1/video-tasks/stats?target_date=2026-04-10 HTTP/1.1" 200
2026-04-09 10:10:49,587 | INFO | app | [de1906dc] OPTIONS /api/v1/video-tasks/cbd028ac-12a3-4588-b761-77a09838b53b -> 200 (1.10ms)
2026-04-09 10:10:49,588 | INFO | uvicorn.access | 127.0.0.1:61172 - "OPTIONS /api/v1/video-tasks/cbd028ac-12a3-4588-b761-77a09838b53b HTTP/1.1" 200
2026-04-09 10:10:49,648 | INFO | app | [dc91b928] DELETE /api/v1/video-tasks/cbd028ac-12a3-4588-b761-77a09838b53b -> 200 (56.29ms)
2026-04-09 10:10:49,648 | INFO | uvicorn.access | 127.0.0.1:61172 - "DELETE /api/v1/video-tasks/cbd028ac-12a3-4588-b761-77a09838b53b HTTP/1.1" 200
2026-04-09 10:10:49,703 | INFO | app | [729998c0] GET /api/v1/video-tasks?page=1&page_size=20&target_date=2026-04-10 -> 200 (41.70ms)
2026-04-09 10:10:49,703 | INFO | uvicorn.access | 127.0.0.1:61172 - "GET /api/v1/video-tasks?page=1&page_size=20&target_date=2026-04-10 HTTP/1.1" 200
2026-04-09 10:10:49,728 | INFO | app | [56d30dd1] GET /api/v1/video-tasks/stats?target_date=2026-04-10 -> 200 (18.80ms)
2026-04-09 10:10:49,728 | INFO | uvicorn.access | 127.0.0.1:61172 - "GET /api/v1/video-tasks/stats?target_date=2026-04-10 HTTP/1.1" 200
2026-04-09 10:10:51,048 | INFO | app | [3da60d95] OPTIONS /api/v1/video-tasks/a96d8dfe-646e-4ef2-a33a-3331898773b4 -> 200 (0.42ms)
2026-04-09 10:10:51,049 | INFO | uvicorn.access | 127.0.0.1:61172 - "OPTIONS /api/v1/video-tasks/a96d8dfe-646e-4ef2-a33a-3331898773b4 HTTP/1.1" 200
2026-04-09 10:10:51,076 | INFO | app | [bd09c89e] DELETE /api/v1/video-tasks/a96d8dfe-646e-4ef2-a33a-3331898773b4 -> 200 (25.87ms)
2026-04-09 10:10:51,077 | INFO | uvicorn.access | 127.0.0.1:61172 - "DELETE /api/v1/video-tasks/a96d8dfe-646e-4ef2-a33a-3331898773b4 HTTP/1.1" 200
2026-04-09 10:10:51,112 | INFO | app | [b89643a2] GET /api/v1/video-tasks?page=1&page_size=20&target_date=2026-04-10 -> 200 (26.50ms)
2026-04-09 10:10:51,112 | INFO | uvicorn.access | 127.0.0.1:61172 - "GET /api/v1/video-tasks?page=1&page_size=20&target_date=2026-04-10 HTTP/1.1" 200
2026-04-09 10:10:51,129 | INFO | app | [a32d0a22] GET /api/v1/video-tasks/stats?target_date=2026-04-10 -> 200 (11.69ms)
2026-04-09 10:10:51,129 | INFO | uvicorn.access | 127.0.0.1:61172 - "GET /api/v1/video-tasks/stats?target_date=2026-04-10 HTTP/1.1" 200
2026-04-09 10:10:52,636 | INFO | app | [d9c0efb0] OPTIONS /api/v1/video-tasks/48342139-a199-4673-93ce-7331de63b878 -> 200 (0.79ms)
2026-04-09 10:10:52,637 | INFO | uvicorn.access | 127.0.0.1:61172 - "OPTIONS /api/v1/video-tasks/48342139-a199-4673-93ce-7331de63b878 HTTP/1.1" 200
2026-04-09 10:10:52,685 | INFO | app | [3bef348e] DELETE /api/v1/video-tasks/48342139-a199-4673-93ce-7331de63b878 -> 200 (40.21ms)
2026-04-09 10:10:52,685 | INFO | uvicorn.access | 127.0.0.1:61172 - "DELETE /api/v1/video-tasks/48342139-a199-4673-93ce-7331de63b878 HTTP/1.1" 200
2026-04-09 10:10:52,735 | INFO | app | [7612b967] GET /api/v1/video-tasks?page=1&page_size=20&target_date=2026-04-10 -> 200 (43.01ms)
2026-04-09 10:10:52,736 | INFO | uvicorn.access | 127.0.0.1:61172 - "GET /api/v1/video-tasks?page=1&page_size=20&target_date=2026-04-10 HTTP/1.1" 200
2026-04-09 10:10:52,753 | INFO | app | [bc5d60bc] GET /api/v1/video-tasks/stats?target_date=2026-04-10 -> 200 (11.91ms)
2026-04-09 10:10:52,753 | INFO | uvicorn.access | 127.0.0.1:61172 - "GET /api/v1/video-tasks/stats?target_date=2026-04-10 HTTP/1.1" 200
2026-04-09 10:10:54,248 | INFO | app | [25022bc7] OPTIONS /api/v1/video-tasks/14fec2ba-0ef4-4148-9830-997db0870464 -> 200 (0.36ms)
2026-04-09 10:10:54,248 | INFO | uvicorn.access | 127.0.0.1:61172 - "OPTIONS /api/v1/video-tasks/14fec2ba-0ef4-4148-9830-997db0870464 HTTP/1.1" 200
2026-04-09 10:10:54,280 | INFO | app | [51eacc38] DELETE /api/v1/video-tasks/14fec2ba-0ef4-4148-9830-997db0870464 -> 200 (30.71ms)
2026-04-09 10:10:54,280 | INFO | uvicorn.access | 127.0.0.1:61172 - "DELETE /api/v1/video-tasks/14fec2ba-0ef4-4148-9830-997db0870464 HTTP/1.1" 200
2026-04-09 10:10:54,306 | INFO | app | [1a021283] GET /api/v1/video-tasks?page=1&page_size=20&target_date=2026-04-10 -> 200 (20.19ms)
2026-04-09 10:10:54,307 | INFO | uvicorn.access | 127.0.0.1:61172 - "GET /api/v1/video-tasks?page=1&page_size=20&target_date=2026-04-10 HTTP/1.1" 200
2026-04-09 10:10:54,324 | INFO | app | [c1d339e6] GET /api/v1/video-tasks/stats?target_date=2026-04-10 -> 200 (11.52ms)
2026-04-09 10:10:54,324 | INFO | uvicorn.access | 127.0.0.1:61172 - "GET /api/v1/video-tasks/stats?target_date=2026-04-10 HTTP/1.1" 200
2026-04-09 10:11:57,186 | INFO | app | [cce9a384] GET /api/v1/flags -> 200 (23.35ms)
2026-04-09 10:11:57,187 | INFO | uvicorn.access | 127.0.0.1:61788 - "GET /api/v1/flags HTTP/1.1" 200
2026-04-09 10:11:57,195 | INFO | app | [e2fc4f15] GET /api/v1/accounts?page=1&page_size=20 -> 200 (29.94ms)
2026-04-09 10:11:57,195 | INFO | uvicorn.access | 127.0.0.1:61789 - "GET /api/v1/accounts?page=1&page_size=20 HTTP/1.1" 200
2026-04-09 10:14:05,940 | INFO | app | [02e123a2] GET /api/v1/flags -> 200 (34.67ms)
2026-04-09 10:14:05,940 | INFO | uvicorn.access | 127.0.0.1:62998 - "GET /api/v1/flags HTTP/1.1" 200
2026-04-09 10:14:05,941 | INFO | app | [aead7870] GET /api/v1/auth/profile -> 200 (39.98ms)
2026-04-09 10:14:05,941 | INFO | uvicorn.access | 127.0.0.1:62997 - "GET /api/v1/auth/profile HTTP/1.1" 200
2026-04-09 10:14:05,954 | INFO | app | [80e6fe02] GET /api/v1/accounts?page=1&page_size=20 -> 200 (48.30ms)
2026-04-09 10:14:05,954 | INFO | uvicorn.access | 127.0.0.1:62999 - "GET /api/v1/accounts?page=1&page_size=20 HTTP/1.1" 200
2026-04-09 10:14:32,471 | INFO | app | [eb8202ae] GET /api/v1/flags -> 200 (24.78ms)
2026-04-09 10:14:32,473 | INFO | uvicorn.access | 127.0.0.1:63062 - "GET /api/v1/flags HTTP/1.1" 200
2026-04-09 10:14:32,476 | INFO | app | [879f4f61] GET /api/v1/auth/profile -> 200 (31.24ms)
2026-04-09 10:14:32,476 | INFO | uvicorn.access | 127.0.0.1:63061 - "GET /api/v1/auth/profile HTTP/1.1" 200
2026-04-09 10:14:32,496 | INFO | app | [36aa688f] GET /api/v1/accounts?page=1&page_size=20 -> 200 (48.63ms)
2026-04-09 10:14:32,496 | INFO | uvicorn.access | 127.0.0.1:63063 - "GET /api/v1/accounts?page=1&page_size=20 HTTP/1.1" 200
2026-04-09 10:15:27,259 | INFO | app | [33f8293b] GET /api/v1/flags -> 200 (81.23ms)
2026-04-09 10:15:27,261 | INFO | uvicorn.access | 127.0.0.1:63184 - "GET /api/v1/flags HTTP/1.1" 200
2026-04-09 10:15:27,274 | INFO | app | [8f6b8b05] GET /api/v1/auth/profile -> 200 (109.30ms)
2026-04-09 10:15:27,275 | INFO | uvicorn.access | 127.0.0.1:63183 - "GET /api/v1/auth/profile HTTP/1.1" 200
2026-04-09 10:15:27,295 | INFO | app | [f44794c1] GET /api/v1/accounts?page=1&page_size=20 -> 200 (113.73ms)
2026-04-09 10:15:27,296 | INFO | uvicorn.access | 127.0.0.1:63185 - "GET /api/v1/accounts?page=1&page_size=20 HTTP/1.1" 200
2026-04-09 10:16:56,475 | INFO | app | [40344531] GET /api/v1/flags -> 200 (23.59ms)
2026-04-09 10:16:56,476 | INFO | uvicorn.access | 127.0.0.1:63404 - "GET /api/v1/flags HTTP/1.1" 200
2026-04-09 10:16:56,486 | INFO | app | [960c56b5] GET /api/v1/auth/profile -> 200 (37.93ms)
2026-04-09 10:16:56,487 | INFO | uvicorn.access | 127.0.0.1:63403 - "GET /api/v1/auth/profile HTTP/1.1" 200
2026-04-09 10:16:56,504 | INFO | app | [5df2ac00] GET /api/v1/accounts?page=1&page_size=20 -> 200 (50.21ms)
2026-04-09 10:16:56,505 | INFO | uvicorn.access | 127.0.0.1:63405 - "GET /api/v1/accounts?page=1&page_size=20 HTTP/1.1" 200
2026-04-09 10:21:05,900 | INFO | app | [4177f047] GET /api/v1/flags -> 200 (39.08ms)
2026-04-09 10:21:05,901 | INFO | uvicorn.access | 127.0.0.1:63562 - "GET /api/v1/flags HTTP/1.1" 200
2026-04-09 10:21:05,901 | INFO | app | [31a8865a] GET /api/v1/auth/profile -> 200 (43.70ms)
2026-04-09 10:21:05,901 | INFO | uvicorn.access | 127.0.0.1:63561 - "GET /api/v1/auth/profile HTTP/1.1" 200
2026-04-09 10:21:05,923 | INFO | app | [45a5b24c] GET /api/v1/accounts?page=1&page_size=20 -> 200 (61.40ms)
2026-04-09 10:21:05,923 | INFO | uvicorn.access | 127.0.0.1:63563 - "GET /api/v1/accounts?page=1&page_size=20 HTTP/1.1" 200
2026-04-09 10:44:09,716 | INFO | uvicorn.error | Shutting down
2026-04-09 10:44:09,841 | INFO | uvicorn.error | Waiting for application shutdown.
2026-04-09 10:44:09,868 | INFO | app.video_ai | Video AI queue processor stopped
2026-04-09 10:44:09,870 | INFO | app.ai_account | AI account queue processor stopped
2026-04-09 10:44:09,871 | INFO | app.video_publication_service | Video publication poller stopped
2026-04-09 10:44:09,872 | INFO | app.publication_metrics_scheduler | 【指标同步调度器】已停止
2026-04-09 10:44:09,874 | INFO | app.account_publish_scheduler | 【定时发布调度器】已停止
2026-04-09 10:44:09,875 | INFO | app.candidate_scheduler | 【候选库调度器】已停止
2026-04-09 10:44:09,889 | INFO | uvicorn.error | Application shutdown complete.
2026-04-09 10:44:09,897 | INFO | uvicorn.error | Finished server process [68649]
2026-04-09 10:44:16,080 | INFO | uvicorn.error | Started server process [76708]
2026-04-09 10:44:16,080 | INFO | uvicorn.error | Waiting for application startup.
2026-04-09 10:44:16,081 | INFO | app | Starting API with env=development db=postgresql+asyncpg://postgres:postgres@localhost:5432/task_manager
2026-04-09 10:44:16,254 | INFO | app.video_ai | Video AI queue processor started
2026-04-09 10:44:16,255 | INFO | app.ai_account | AI account queue processor started
2026-04-09 10:44:16,265 | INFO | app.video_publication_service | Video publication poller started
2026-04-09 10:44:16,265 | INFO | app.publication_metrics_scheduler | 【指标同步调度器】已启动
2026-04-09 10:44:16,265 | INFO | app.account_publish_scheduler | 【定时发布调度器】已启动，轮询间隔 60 秒
2026-04-09 10:44:16,265 | INFO | app.candidate_scheduler | 【候选库调度器】已启动
2026-04-09 10:44:16,278 | INFO | app.topics | No stuck keyword gen tasks found on startup
2026-04-09 10:44:16,365 | INFO | app.candidate_scheduler | 【候选库调度器】预填 _fired 完成，共 0 条
2026-04-09 10:44:16,393 | INFO | app.video_ai | No stuck video AI templates found on startup
2026-04-09 10:44:16,408 | INFO | app.video_source | No stuck video downloads found on startup
2026-04-09 10:44:16,683 | INFO | app.services.candidate_service | 【导入恢复】无中断的导入任务
2026-04-09 10:44:17,190 | INFO | app.services.candidate_service | 【全量审核】启动恢复：无中断的 AI 审核任务
2026-04-09 10:44:17,194 | INFO | uvicorn.error | Application startup complete.
2026-04-09 10:44:25,534 | INFO | app | [9b8b6ea2] OPTIONS /api/v1/flags -> 200 (2.55ms)
2026-04-09 10:44:25,535 | INFO | uvicorn.access | 127.0.0.1:51572 - "OPTIONS /api/v1/flags HTTP/1.1" 200
2026-04-09 10:44:25,536 | INFO | app | [4910abbd] OPTIONS /api/v1/accounts?page=1&page_size=20 -> 200 (2.08ms)
2026-04-09 10:44:25,536 | INFO | uvicorn.access | 127.0.0.1:51574 - "OPTIONS /api/v1/accounts?page=1&page_size=20 HTTP/1.1" 200
2026-04-09 10:44:25,569 | INFO | app | [21cc34e4] GET /api/v1/flags -> 200 (32.68ms)
2026-04-09 10:44:25,570 | INFO | uvicorn.access | 127.0.0.1:51574 - "GET /api/v1/flags HTTP/1.1" 200
2026-04-09 10:44:25,619 | INFO | app | [eb0d73ea] GET /api/v1/accounts?page=1&page_size=20 -> 200 (75.60ms)
2026-04-09 10:44:25,619 | INFO | uvicorn.access | 127.0.0.1:51572 - "GET /api/v1/accounts?page=1&page_size=20 HTTP/1.1" 200
2026-04-09 10:55:27,245 | INFO | uvicorn.error | Shutting down
2026-04-09 10:55:27,351 | INFO | uvicorn.error | Waiting for application shutdown.
2026-04-09 10:55:27,359 | INFO | app.video_ai | Video AI queue processor stopped
2026-04-09 10:55:27,360 | INFO | app.ai_account | AI account queue processor stopped
2026-04-09 10:55:27,362 | INFO | app.video_publication_service | Video publication poller stopped
2026-04-09 10:55:27,362 | INFO | app.publication_metrics_scheduler | 【指标同步调度器】已停止
2026-04-09 10:55:27,363 | INFO | app.account_publish_scheduler | 【定时发布调度器】已停止
2026-04-09 10:55:27,363 | INFO | app.candidate_scheduler | 【候选库调度器】已停止
2026-04-09 10:55:27,365 | INFO | uvicorn.error | Application shutdown complete.
2026-04-09 10:55:27,370 | INFO | uvicorn.error | Finished server process [76708]
2026-04-09 10:55:29,520 | INFO | uvicorn.error | Started server process [82381]
2026-04-09 10:55:29,520 | INFO | uvicorn.error | Waiting for application startup.
2026-04-09 10:55:29,521 | INFO | app | Starting API with env=development db=postgresql+asyncpg://postgres:postgres@localhost:5432/task_manager
2026-04-09 10:55:29,652 | INFO | app.video_ai | Video AI queue processor started
2026-04-09 10:55:29,652 | INFO | app.ai_account | AI account queue processor started
2026-04-09 10:55:29,659 | INFO | app.video_publication_service | Video publication poller started
2026-04-09 10:55:29,660 | INFO | app.publication_metrics_scheduler | 【指标同步调度器】已启动
2026-04-09 10:55:29,660 | INFO | app.account_publish_scheduler | 【定时发布调度器】已启动，轮询间隔 60 秒
2026-04-09 10:55:29,660 | INFO | app.candidate_scheduler | 【候选库调度器】已启动
2026-04-09 10:55:29,670 | INFO | app.topics | No stuck keyword gen tasks found on startup
2026-04-09 10:55:29,727 | INFO | app.video_ai | No stuck video AI templates found on startup
2026-04-09 10:55:29,734 | INFO | app.video_source | No stuck video downloads found on startup
2026-04-09 10:55:29,738 | INFO | app.candidate_scheduler | 【候选库调度器】预填 _fired 完成，共 0 条
2026-04-09 10:55:29,755 | INFO | app.services.candidate_service | 【导入恢复】无中断的导入任务
2026-04-09 10:55:29,763 | INFO | app.services.candidate_service | 【全量审核】启动恢复：无中断的 AI 审核任务
2026-04-09 10:55:29,763 | INFO | uvicorn.error | Application startup complete.
2026-04-09 10:55:45,627 | INFO | uvicorn.error | Shutting down
2026-04-09 10:55:45,739 | INFO | uvicorn.error | Waiting for application shutdown.
2026-04-09 10:55:45,740 | INFO | app.video_ai | Video AI queue processor stopped
2026-04-09 10:55:45,740 | INFO | app.ai_account | AI account queue processor stopped
2026-04-09 10:55:45,741 | INFO | app.video_publication_service | Video publication poller stopped
2026-04-09 10:55:45,741 | INFO | app.publication_metrics_scheduler | 【指标同步调度器】已停止
2026-04-09 10:55:45,743 | INFO | app.account_publish_scheduler | 【定时发布调度器】已停止
2026-04-09 10:55:45,743 | INFO | app.candidate_scheduler | 【候选库调度器】已停止
2026-04-09 10:55:45,743 | INFO | uvicorn.error | Application shutdown complete.
2026-04-09 10:55:45,743 | INFO | uvicorn.error | Finished server process [82381]
2026-04-09 10:55:47,504 | INFO | uvicorn.error | Started server process [82564]
2026-04-09 10:55:47,505 | INFO | uvicorn.error | Waiting for application startup.
2026-04-09 10:55:47,505 | INFO | app | Starting API with env=development db=postgresql+asyncpg://postgres:postgres@localhost:5432/task_manager
2026-04-09 10:55:47,607 | INFO | app.video_ai | Video AI queue processor started
2026-04-09 10:55:47,607 | INFO | app.ai_account | AI account queue processor started
2026-04-09 10:55:47,613 | INFO | app.video_publication_service | Video publication poller started
2026-04-09 10:55:47,613 | INFO | app.publication_metrics_scheduler | 【指标同步调度器】已启动
2026-04-09 10:55:47,613 | INFO | app.account_publish_scheduler | 【定时发布调度器】已启动，轮询间隔 60 秒
2026-04-09 10:55:47,613 | INFO | app.candidate_scheduler | 【候选库调度器】已启动
2026-04-09 10:55:47,617 | INFO | app.topics | No stuck keyword gen tasks found on startup
2026-04-09 10:55:47,677 | INFO | app.video_ai | No stuck video AI templates found on startup
2026-04-09 10:55:47,685 | INFO | app.video_source | No stuck video downloads found on startup
2026-04-09 10:55:47,696 | INFO | app.services.candidate_service | 【导入恢复】无中断的导入任务
2026-04-09 10:55:47,701 | INFO | app.candidate_scheduler | 【候选库调度器】预填 _fired 完成，共 0 条
2026-04-09 10:55:47,715 | INFO | app.services.candidate_service | 【全量审核】启动恢复：无中断的 AI 审核任务
2026-04-09 10:55:47,716 | INFO | uvicorn.error | Application startup complete.
2026-04-09 10:55:53,196 | INFO | uvicorn.error | Shutting down
2026-04-09 10:55:53,307 | INFO | uvicorn.error | Waiting for application shutdown.
2026-04-09 10:55:53,309 | INFO | app.video_ai | Video AI queue processor stopped
2026-04-09 10:55:53,310 | INFO | app.ai_account | AI account queue processor stopped
2026-04-09 10:55:53,310 | INFO | app.video_publication_service | Video publication poller stopped
2026-04-09 10:55:53,310 | INFO | app.publication_metrics_scheduler | 【指标同步调度器】已停止
2026-04-09 10:55:53,310 | INFO | app.account_publish_scheduler | 【定时发布调度器】已停止
2026-04-09 10:55:53,310 | INFO | app.candidate_scheduler | 【候选库调度器】已停止
2026-04-09 10:55:53,311 | INFO | uvicorn.error | Application shutdown complete.
2026-04-09 10:55:53,311 | INFO | uvicorn.error | Finished server process [82564]
2026-04-09 10:55:54,975 | INFO | uvicorn.error | Started server process [82623]
2026-04-09 10:55:54,976 | INFO | uvicorn.error | Waiting for application startup.
2026-04-09 10:55:54,976 | INFO | app | Starting API with env=development db=postgresql+asyncpg://postgres:postgres@localhost:5432/task_manager
2026-04-09 10:55:55,082 | INFO | app.video_ai | Video AI queue processor started
2026-04-09 10:55:55,082 | INFO | app.ai_account | AI account queue processor started
2026-04-09 10:55:55,088 | INFO | app.video_publication_service | Video publication poller started
2026-04-09 10:55:55,088 | INFO | app.publication_metrics_scheduler | 【指标同步调度器】已启动
2026-04-09 10:55:55,088 | INFO | app.account_publish_scheduler | 【定时发布调度器】已启动，轮询间隔 60 秒
2026-04-09 10:55:55,088 | INFO | app.candidate_scheduler | 【候选库调度器】已启动
2026-04-09 10:55:55,096 | INFO | app.topics | No stuck keyword gen tasks found on startup
2026-04-09 10:55:55,154 | INFO | app.video_ai | No stuck video AI templates found on startup
2026-04-09 10:55:55,162 | INFO | app.video_source | No stuck video downloads found on startup
2026-04-09 10:55:55,164 | INFO | app.candidate_scheduler | 【候选库调度器】预填 _fired 完成，共 0 条
2026-04-09 10:55:55,198 | INFO | app.services.candidate_service | 【导入恢复】无中断的导入任务
2026-04-09 10:55:55,221 | INFO | app.services.candidate_service | 【全量审核】启动恢复：无中断的 AI 审核任务
2026-04-09 10:55:55,221 | INFO | uvicorn.error | Application startup complete.
2026-04-09 10:55:58,791 | INFO | uvicorn.error | Shutting down
2026-04-09 10:55:58,894 | INFO | uvicorn.error | Waiting for application shutdown.
2026-04-09 10:55:58,904 | INFO | app.video_ai | Video AI queue processor stopped
2026-04-09 10:55:58,904 | INFO | app.ai_account | AI account queue processor stopped
2026-04-09 10:55:58,905 | INFO | app.video_publication_service | Video publication poller stopped
2026-04-09 10:55:58,905 | INFO | app.publication_metrics_scheduler | 【指标同步调度器】已停止
2026-04-09 10:55:58,905 | INFO | app.account_publish_scheduler | 【定时发布调度器】已停止
2026-04-09 10:55:58,905 | INFO | app.candidate_scheduler | 【候选库调度器】已停止
2026-04-09 10:55:58,905 | INFO | uvicorn.error | Application shutdown complete.
2026-04-09 10:55:58,906 | INFO | uvicorn.error | Finished server process [82623]
2026-04-09 10:56:03,412 | INFO | uvicorn.error | Started server process [82679]
2026-04-09 10:56:03,412 | INFO | uvicorn.error | Waiting for application startup.
2026-04-09 10:56:03,413 | INFO | app | Starting API with env=development db=postgresql+asyncpg://postgres:postgres@localhost:5432/task_manager
2026-04-09 10:56:03,519 | INFO | app.video_ai | Video AI queue processor started
2026-04-09 10:56:03,520 | INFO | app.ai_account | AI account queue processor started
2026-04-09 10:56:03,530 | INFO | app.video_publication_service | Video publication poller started
2026-04-09 10:56:03,530 | INFO | app.publication_metrics_scheduler | 【指标同步调度器】已启动
2026-04-09 10:56:03,530 | INFO | app.account_publish_scheduler | 【定时发布调度器】已启动，轮询间隔 60 秒
2026-04-09 10:56:03,531 | INFO | app.candidate_scheduler | 【候选库调度器】已启动
2026-04-09 10:56:03,541 | INFO | app.topics | No stuck keyword gen tasks found on startup
2026-04-09 10:56:03,622 | INFO | app.candidate_scheduler | 【候选库调度器】预填 _fired 完成，共 0 条
2026-04-09 10:56:03,629 | INFO | app.video_ai | No stuck video AI templates found on startup
2026-04-09 10:56:03,649 | INFO | app.video_source | No stuck video downloads found on startup
2026-04-09 10:56:03,676 | INFO | app.services.candidate_service | 【导入恢复】无中断的导入任务
2026-04-09 10:56:03,685 | INFO | app.services.candidate_service | 【全量审核】启动恢复：无中断的 AI 审核任务
2026-04-09 10:56:03,685 | INFO | uvicorn.error | Application startup complete.
2026-04-09 11:10:38,675 | INFO | uvicorn.error | Shutting down
2026-04-09 11:10:38,797 | INFO | uvicorn.error | Waiting for application shutdown.
2026-04-09 11:10:38,816 | INFO | app.video_ai | Video AI queue processor stopped
2026-04-09 11:10:38,818 | INFO | app.ai_account | AI account queue processor stopped
2026-04-09 11:10:38,819 | INFO | app.video_publication_service | Video publication poller stopped
2026-04-09 11:10:38,819 | INFO | app.publication_metrics_scheduler | 【指标同步调度器】已停止
2026-04-09 11:10:38,820 | INFO | app.account_publish_scheduler | 【定时发布调度器】已停止
2026-04-09 11:10:38,820 | INFO | app.candidate_scheduler | 【候选库调度器】已停止
2026-04-09 11:10:38,829 | INFO | uvicorn.error | Application shutdown complete.
2026-04-09 11:10:38,834 | INFO | uvicorn.error | Finished server process [82679]
2026-04-09 11:10:40,814 | INFO | uvicorn.error | Started server process [89957]
2026-04-09 11:10:40,814 | INFO | uvicorn.error | Waiting for application startup.
2026-04-09 11:10:40,815 | INFO | app | Starting API with env=development db=postgresql+asyncpg://postgres:postgres@localhost:5432/task_manager
2026-04-09 11:10:40,928 | INFO | app.video_ai | Video AI queue processor started
2026-04-09 11:10:40,928 | INFO | app.ai_account | AI account queue processor started
2026-04-09 11:10:40,934 | INFO | app.video_publication_service | Video publication poller started
2026-04-09 11:10:40,935 | INFO | app.publication_metrics_scheduler | 【指标同步调度器】已启动
2026-04-09 11:10:40,935 | INFO | app.account_publish_scheduler | 【定时发布调度器】已启动，轮询间隔 60 秒
2026-04-09 11:10:40,935 | INFO | app.candidate_scheduler | 【候选库调度器】已启动
2026-04-09 11:10:40,944 | INFO | app.topics | No stuck keyword gen tasks found on startup
2026-04-09 11:10:41,011 | INFO | app.video_ai | No stuck video AI templates found on startup
2026-04-09 11:10:41,021 | INFO | app.candidate_scheduler | 【候选库调度器】预填 _fired 完成，共 0 条
2026-04-09 11:10:41,021 | INFO | app.video_source | No stuck video downloads found on startup
2026-04-09 11:10:41,048 | INFO | app.services.candidate_service | 【导入恢复】无中断的导入任务
2026-04-09 11:10:41,058 | INFO | app.services.candidate_service | 【全量审核】启动恢复：无中断的 AI 审核任务
2026-04-09 11:10:41,059 | INFO | uvicorn.error | Application startup complete.
2026-04-09 11:10:48,544 | INFO | uvicorn.error | Shutting down
2026-04-09 11:10:48,646 | INFO | uvicorn.error | Waiting for application shutdown.
2026-04-09 11:10:48,647 | INFO | app.video_ai | Video AI queue processor stopped
2026-04-09 11:10:48,648 | INFO | app.ai_account | AI account queue processor stopped
2026-04-09 11:10:48,648 | INFO | app.video_publication_service | Video publication poller stopped
2026-04-09 11:10:48,648 | INFO | app.publication_metrics_scheduler | 【指标同步调度器】已停止
2026-04-09 11:10:48,648 | INFO | app.account_publish_scheduler | 【定时发布调度器】已停止
2026-04-09 11:10:48,648 | INFO | app.candidate_scheduler | 【候选库调度器】已停止
2026-04-09 11:10:48,648 | INFO | uvicorn.error | Application shutdown complete.
2026-04-09 11:10:48,648 | INFO | uvicorn.error | Finished server process [89957]
2026-04-09 11:10:50,318 | INFO | uvicorn.error | Started server process [90048]
2026-04-09 11:10:50,318 | INFO | uvicorn.error | Waiting for application startup.
2026-04-09 11:10:50,318 | INFO | app | Starting API with env=development db=postgresql+asyncpg://postgres:postgres@localhost:5432/task_manager
2026-04-09 11:10:50,402 | INFO | app.video_ai | Video AI queue processor started
2026-04-09 11:10:50,402 | INFO | app.ai_account | AI account queue processor started
2026-04-09 11:10:50,411 | INFO | app.video_publication_service | Video publication poller started
2026-04-09 11:10:50,411 | INFO | app.publication_metrics_scheduler | 【指标同步调度器】已启动
2026-04-09 11:10:50,411 | INFO | app.account_publish_scheduler | 【定时发布调度器】已启动，轮询间隔 60 秒
2026-04-09 11:10:50,411 | INFO | app.candidate_scheduler | 【候选库调度器】已启动
2026-04-09 11:10:50,417 | INFO | app.topics | No stuck keyword gen tasks found on startup
2026-04-09 11:10:50,467 | INFO | app.candidate_scheduler | 【候选库调度器】预填 _fired 完成，共 0 条
2026-04-09 11:10:50,478 | INFO | app.video_ai | No stuck video AI templates found on startup
2026-04-09 11:10:50,484 | INFO | app.video_source | No stuck video downloads found on startup
2026-04-09 11:10:50,498 | INFO | app.services.candidate_service | 【导入恢复】无中断的导入任务
2026-04-09 11:10:50,514 | INFO | app.services.candidate_service | 【全量审核】启动恢复：无中断的 AI 审核任务
2026-04-09 11:10:50,514 | INFO | uvicorn.error | Application startup complete.
2026-04-09 11:11:17,806 | INFO | uvicorn.error | Shutting down
2026-04-09 11:11:17,911 | INFO | uvicorn.error | Waiting for application shutdown.
2026-04-09 11:11:17,915 | INFO | app.video_ai | Video AI queue processor stopped
2026-04-09 11:11:17,915 | INFO | app.ai_account | AI account queue processor stopped
2026-04-09 11:11:17,916 | INFO | app.video_publication_service | Video publication poller stopped
2026-04-09 11:11:17,916 | INFO | app.publication_metrics_scheduler | 【指标同步调度器】已停止
2026-04-09 11:11:17,916 | INFO | app.account_publish_scheduler | 【定时发布调度器】已停止
2026-04-09 11:11:17,916 | INFO | app.candidate_scheduler | 【候选库调度器】已停止
2026-04-09 11:11:17,916 | INFO | uvicorn.error | Application shutdown complete.
2026-04-09 11:11:17,917 | INFO | uvicorn.error | Finished server process [90048]
2026-04-09 11:11:19,725 | INFO | uvicorn.error | Started server process [90298]
2026-04-09 11:11:19,726 | INFO | uvicorn.error | Waiting for application startup.
2026-04-09 11:11:19,726 | INFO | app | Starting API with env=development db=postgresql+asyncpg://postgres:postgres@localhost:5432/task_manager
2026-04-09 11:11:19,828 | INFO | app.video_ai | Video AI queue processor started
2026-04-09 11:11:19,828 | INFO | app.ai_account | AI account queue processor started
2026-04-09 11:11:19,834 | INFO | app.video_publication_service | Video publication poller started
2026-04-09 11:11:19,834 | INFO | app.publication_metrics_scheduler | 【指标同步调度器】已启动
2026-04-09 11:11:19,834 | INFO | app.account_publish_scheduler | 【定时发布调度器】已启动，轮询间隔 60 秒
2026-04-09 11:11:19,834 | INFO | app.candidate_scheduler | 【候选库调度器】已启动
2026-04-09 11:11:19,840 | INFO | app.topics | No stuck keyword gen tasks found on startup
2026-04-09 11:11:19,891 | INFO | app.candidate_scheduler | 【候选库调度器】预填 _fired 完成，共 0 条
2026-04-09 11:11:19,901 | INFO | app.video_ai | No stuck video AI templates found on startup
2026-04-09 11:11:19,906 | INFO | app.video_source | No stuck video downloads found on startup
2026-04-09 11:11:19,931 | INFO | app.services.candidate_service | 【导入恢复】无中断的导入任务
2026-04-09 11:11:19,950 | INFO | app.services.candidate_service | 【全量审核】启动恢复：无中断的 AI 审核任务
2026-04-09 11:11:19,951 | INFO | uvicorn.error | Application startup complete.
2026-04-09 11:11:37,453 | INFO | app | [c8111998] OPTIONS /api/v1/flags -> 200 (21.64ms)
2026-04-09 11:11:37,454 | INFO | uvicorn.access | 127.0.0.1:49460 - "OPTIONS /api/v1/flags HTTP/1.1" 200
2026-04-09 11:11:37,455 | INFO | app | [391ec209] OPTIONS /api/v1/accounts?page=1&page_size=20 -> 200 (18.43ms)
2026-04-09 11:11:37,455 | INFO | uvicorn.access | 127.0.0.1:49462 - "OPTIONS /api/v1/accounts?page=1&page_size=20 HTTP/1.1" 200
2026-04-09 11:11:37,558 | INFO | app | [67cce1c0] GET /api/v1/flags -> 200 (97.85ms)
2026-04-09 11:11:37,558 | INFO | uvicorn.access | 127.0.0.1:49464 - "GET /api/v1/flags HTTP/1.1" 200
2026-04-09 11:11:37,805 | INFO | app | [771d66b7] GET /api/v1/accounts?page=1&page_size=20 -> 200 (339.24ms)
2026-04-09 11:11:37,805 | INFO | uvicorn.access | 127.0.0.1:49462 - "GET /api/v1/accounts?page=1&page_size=20 HTTP/1.1" 200
2026-04-09 11:24:45,192 | INFO | app | [3e837b40] OPTIONS /api/v1/accounts/92a43fbb-08df-4401-81b7-c6af753b0c82 -> 200 (16.46ms)
2026-04-09 11:24:45,202 | INFO | uvicorn.access | 127.0.0.1:56493 - "OPTIONS /api/v1/accounts/92a43fbb-08df-4401-81b7-c6af753b0c82 HTTP/1.1" 200
2026-04-09 11:24:45,389 | INFO | app | [0b2d88e6] GET /api/v1/accounts/92a43fbb-08df-4401-81b7-c6af753b0c82 -> 200 (183.95ms)
2026-04-09 11:24:45,389 | INFO | uvicorn.access | 127.0.0.1:56495 - "GET /api/v1/accounts/92a43fbb-08df-4401-81b7-c6af753b0c82 HTTP/1.1" 200
2026-04-09 11:24:45,426 | INFO | app | [a593557a] OPTIONS /api/v1/video-tasks/subtasks/by-account?account_id=92a43fbb-08df-4401-81b7-c6af753b0c82&page=1&page_size=20&status=pending_publish -> 200 (0.55ms)
2026-04-09 11:24:45,427 | INFO | uvicorn.access | 127.0.0.1:56495 - "OPTIONS /api/v1/video-tasks/subtasks/by-account?account_id=92a43fbb-08df-4401-81b7-c6af753b0c82&page=1&page_size=20&status=pending_publish HTTP/1.1" 200
2026-04-09 11:24:45,431 | INFO | app | [edcea78e] OPTIONS /api/v1/video-tasks/subtasks/by-account/counts?account_id=92a43fbb-08df-4401-81b7-c6af753b0c82 -> 200 (0.44ms)
2026-04-09 11:24:45,431 | INFO | uvicorn.access | 127.0.0.1:56495 - "OPTIONS /api/v1/video-tasks/subtasks/by-account/counts?account_id=92a43fbb-08df-4401-81b7-c6af753b0c82 HTTP/1.1" 200
2026-04-09 11:24:45,542 | INFO | app | [c3466fd9] GET /api/v1/video-tasks/subtasks/by-account/counts?account_id=92a43fbb-08df-4401-81b7-c6af753b0c82 -> 200 (103.05ms)
2026-04-09 11:24:45,542 | INFO | uvicorn.access | 127.0.0.1:56495 - "GET /api/v1/video-tasks/subtasks/by-account/counts?account_id=92a43fbb-08df-4401-81b7-c6af753b0c82 HTTP/1.1" 200
2026-04-09 11:24:45,565 | INFO | app | [448d08a1] GET /api/v1/video-tasks/subtasks/by-account?account_id=92a43fbb-08df-4401-81b7-c6af753b0c82&page=1&page_size=20&status=pending_publish -> 200 (134.04ms)
2026-04-09 11:24:45,565 | INFO | uvicorn.access | 127.0.0.1:56505 - "GET /api/v1/video-tasks/subtasks/by-account?account_id=92a43fbb-08df-4401-81b7-c6af753b0c82&page=1&page_size=20&status=pending_publish HTTP/1.1" 200
2026-04-09 11:24:46,287 | INFO | app | [7a7bbf7c] OPTIONS /api/v1/video-tasks/subtasks/by-account?account_id=92a43fbb-08df-4401-81b7-c6af753b0c82&page=1&page_size=20&status=queued -> 200 (0.64ms)
2026-04-09 11:24:46,287 | INFO | uvicorn.access | 127.0.0.1:56505 - "OPTIONS /api/v1/video-tasks/subtasks/by-account?account_id=92a43fbb-08df-4401-81b7-c6af753b0c82&page=1&page_size=20&status=queued HTTP/1.1" 200
2026-04-09 11:24:46,317 | INFO | app | [8eb48b35] GET /api/v1/video-tasks/subtasks/by-account/counts?account_id=92a43fbb-08df-4401-81b7-c6af753b0c82 -> 200 (30.55ms)
2026-04-09 11:24:46,317 | INFO | uvicorn.access | 127.0.0.1:56495 - "GET /api/v1/video-tasks/subtasks/by-account/counts?account_id=92a43fbb-08df-4401-81b7-c6af753b0c82 HTTP/1.1" 200
2026-04-09 11:24:46,348 | INFO | app | [43240035] GET /api/v1/video-tasks/subtasks/by-account?account_id=92a43fbb-08df-4401-81b7-c6af753b0c82&page=1&page_size=20&status=queued -> 200 (59.42ms)
2026-04-09 11:24:46,348 | INFO | uvicorn.access | 127.0.0.1:56505 - "GET /api/v1/video-tasks/subtasks/by-account?account_id=92a43fbb-08df-4401-81b7-c6af753b0c82&page=1&page_size=20&status=queued HTTP/1.1" 200
2026-04-09 11:24:49,623 | INFO | app | [4ba1148e] OPTIONS /api/v1/video-tasks/subtasks/by-account?account_id=92a43fbb-08df-4401-81b7-c6af753b0c82&page=1&page_size=20&status=publish_failed -> 200 (6.56ms)
2026-04-09 11:24:49,624 | INFO | uvicorn.access | 127.0.0.1:56505 - "OPTIONS /api/v1/video-tasks/subtasks/by-account?account_id=92a43fbb-08df-4401-81b7-c6af753b0c82&page=1&page_size=20&status=publish_failed HTTP/1.1" 200
2026-04-09 11:24:49,684 | INFO | app | [767f5a97] GET /api/v1/video-tasks/subtasks/by-account/counts?account_id=92a43fbb-08df-4401-81b7-c6af753b0c82 -> 200 (66.20ms)
2026-04-09 11:24:49,684 | INFO | uvicorn.access | 127.0.0.1:56495 - "GET /api/v1/video-tasks/subtasks/by-account/counts?account_id=92a43fbb-08df-4401-81b7-c6af753b0c82 HTTP/1.1" 200
2026-04-09 11:24:49,692 | INFO | app | [c7ef530c] GET /api/v1/video-tasks/subtasks/by-account?account_id=92a43fbb-08df-4401-81b7-c6af753b0c82&page=1&page_size=20&status=publish_failed -> 200 (66.26ms)
2026-04-09 11:24:49,693 | INFO | uvicorn.access | 127.0.0.1:56507 - "GET /api/v1/video-tasks/subtasks/by-account?account_id=92a43fbb-08df-4401-81b7-c6af753b0c82&page=1&page_size=20&status=publish_failed HTTP/1.1" 200
2026-04-09 11:25:00,044 | INFO | app | [cf303588] GET /api/v1/video-tasks/subtasks/by-account/counts?account_id=92a43fbb-08df-4401-81b7-c6af753b0c82 -> 200 (60.54ms)
2026-04-09 11:25:00,044 | INFO | uvicorn.access | 127.0.0.1:56634 - "GET /api/v1/video-tasks/subtasks/by-account/counts?account_id=92a43fbb-08df-4401-81b7-c6af753b0c82 HTTP/1.1" 200
2026-04-09 11:25:00,068 | INFO | app | [1f371c7c] GET /api/v1/video-tasks/subtasks/by-account?account_id=92a43fbb-08df-4401-81b7-c6af753b0c82&page=1&page_size=20&status=queued -> 200 (92.58ms)
2026-04-09 11:25:00,068 | INFO | uvicorn.access | 127.0.0.1:56633 - "GET /api/v1/video-tasks/subtasks/by-account?account_id=92a43fbb-08df-4401-81b7-c6af753b0c82&page=1&page_size=20&status=queued HTTP/1.1" 200
2026-04-09 11:31:10,401 | INFO | uvicorn.error | Shutting down
2026-04-09 11:31:10,510 | INFO | uvicorn.error | Waiting for application shutdown.
2026-04-09 11:31:10,528 | INFO | app.video_ai | Video AI queue processor stopped
2026-04-09 11:31:10,529 | INFO | app.ai_account | AI account queue processor stopped
2026-04-09 11:31:10,532 | INFO | app.video_publication_service | Video publication poller stopped
2026-04-09 11:31:10,533 | INFO | app.publication_metrics_scheduler | 【指标同步调度器】已停止
2026-04-09 11:31:10,533 | INFO | app.account_publish_scheduler | 【定时发布调度器】已停止
2026-04-09 11:31:10,534 | INFO | app.candidate_scheduler | 【候选库调度器】已停止
2026-04-09 11:31:10,535 | INFO | uvicorn.error | Application shutdown complete.
2026-04-09 11:31:10,538 | INFO | uvicorn.error | Finished server process [90298]
2026-04-09 11:31:12,542 | INFO | uvicorn.error | Started server process [815]
2026-04-09 11:31:12,543 | INFO | uvicorn.error | Waiting for application startup.
2026-04-09 11:31:12,543 | INFO | app | Starting API with env=development db=postgresql+asyncpg://postgres:postgres@localhost:5432/task_manager
2026-04-09 11:31:12,839 | INFO | app.video_ai | Video AI queue processor started
2026-04-09 11:31:12,839 | INFO | app.ai_account | AI account queue processor started
2026-04-09 11:31:12,863 | INFO | app.video_publication_service | Video publication poller started
2026-04-09 11:31:12,864 | INFO | app.publication_metrics_scheduler | 【指标同步调度器】已启动
2026-04-09 11:31:12,864 | INFO | app.account_publish_scheduler | 【定时发布调度器】已启动，轮询间隔 60 秒
2026-04-09 11:31:12,864 | INFO | app.candidate_scheduler | 【候选库调度器】已启动
2026-04-09 11:31:12,887 | INFO | app.topics | No stuck keyword gen tasks found on startup
2026-04-09 11:31:12,969 | INFO | app.candidate_scheduler | 【候选库调度器】预填 _fired 完成，共 0 条
2026-04-09 11:31:12,984 | INFO | app.video_ai | No stuck video AI templates found on startup
2026-04-09 11:31:13,002 | INFO | app.video_source | No stuck video downloads found on startup
2026-04-09 11:31:13,026 | INFO | app.services.candidate_service | 【导入恢复】无中断的导入任务
2026-04-09 11:31:13,093 | INFO | app.services.candidate_service | 【全量审核】启动恢复：无中断的 AI 审核任务
2026-04-09 11:31:13,094 | INFO | uvicorn.error | Application startup complete.
2026-04-09 11:33:14,179 | INFO | uvicorn.error | Shutting down
2026-04-09 11:33:14,280 | INFO | uvicorn.error | Waiting for application shutdown.
2026-04-09 11:33:14,281 | INFO | app.video_ai | Video AI queue processor stopped
2026-04-09 11:33:14,282 | INFO | app.ai_account | AI account queue processor stopped
2026-04-09 11:33:14,282 | INFO | app.video_publication_service | Video publication poller stopped
2026-04-09 11:33:14,282 | INFO | app.publication_metrics_scheduler | 【指标同步调度器】已停止
2026-04-09 11:33:14,282 | INFO | app.account_publish_scheduler | 【定时发布调度器】已停止
2026-04-09 11:33:14,282 | INFO | app.candidate_scheduler | 【候选库调度器】已停止
2026-04-09 11:33:14,282 | INFO | uvicorn.error | Application shutdown complete.
2026-04-09 11:33:14,282 | INFO | uvicorn.error | Finished server process [815]
2026-04-09 11:33:16,117 | INFO | uvicorn.error | Started server process [1874]
2026-04-09 11:33:16,118 | INFO | uvicorn.error | Waiting for application startup.
2026-04-09 11:33:16,118 | INFO | app | Starting API with env=development db=postgresql+asyncpg://postgres:postgres@localhost:5432/task_manager
2026-04-09 11:33:16,211 | INFO | app.video_ai | Video AI queue processor started
2026-04-09 11:33:16,211 | INFO | app.ai_account | AI account queue processor started
2026-04-09 11:33:16,216 | INFO | app.video_publication_service | Video publication poller started
2026-04-09 11:33:16,216 | INFO | app.publication_metrics_scheduler | 【指标同步调度器】已启动
2026-04-09 11:33:16,216 | INFO | app.account_publish_scheduler | 【定时发布调度器】已启动，轮询间隔 60 秒
2026-04-09 11:33:16,216 | INFO | app.candidate_scheduler | 【候选库调度器】已启动
2026-04-09 11:33:16,222 | INFO | app.topics | No stuck keyword gen tasks found on startup
2026-04-09 11:33:16,282 | INFO | app.candidate_scheduler | 【候选库调度器】预填 _fired 完成，共 0 条
2026-04-09 11:33:16,289 | INFO | app.video_ai | No stuck video AI templates found on startup
2026-04-09 11:33:16,295 | INFO | app.video_source | No stuck video downloads found on startup
2026-04-09 11:33:16,314 | INFO | app.services.candidate_service | 【导入恢复】无中断的导入任务
2026-04-09 11:33:16,343 | INFO | app.services.candidate_service | 【全量审核】启动恢复：无中断的 AI 审核任务
2026-04-09 11:33:16,343 | INFO | uvicorn.error | Application startup complete.
2026-04-09 11:34:39,130 | INFO | uvicorn.error | Shutting down
2026-04-09 11:34:39,231 | INFO | uvicorn.error | Waiting for application shutdown.
2026-04-09 11:34:39,234 | INFO | app.video_ai | Video AI queue processor stopped
2026-04-09 11:34:39,234 | INFO | app.ai_account | AI account queue processor stopped
2026-04-09 11:34:39,235 | INFO | app.video_publication_service | Video publication poller stopped
2026-04-09 11:34:39,235 | INFO | app.publication_metrics_scheduler | 【指标同步调度器】已停止
2026-04-09 11:34:39,235 | INFO | app.account_publish_scheduler | 【定时发布调度器】已停止
2026-04-09 11:34:39,236 | INFO | app.candidate_scheduler | 【候选库调度器】已停止
2026-04-09 11:34:39,236 | INFO | uvicorn.error | Application shutdown complete.
2026-04-09 11:34:39,237 | INFO | uvicorn.error | Finished server process [1874]
2026-04-09 11:34:41,173 | INFO | uvicorn.error | Started server process [2593]
2026-04-09 11:34:41,174 | INFO | uvicorn.error | Waiting for application startup.
2026-04-09 11:34:41,174 | INFO | app | Starting API with env=development db=postgresql+asyncpg://postgres:postgres@localhost:5432/task_manager
2026-04-09 11:34:41,287 | INFO | app.video_ai | Video AI queue processor started
2026-04-09 11:34:41,287 | INFO | app.ai_account | AI account queue processor started
2026-04-09 11:34:41,293 | INFO | app.video_publication_service | Video publication poller started
2026-04-09 11:34:41,294 | INFO | app.publication_metrics_scheduler | 【指标同步调度器】已启动
2026-04-09 11:34:41,294 | INFO | app.account_publish_scheduler | 【定时发布调度器】已启动，轮询间隔 60 秒
2026-04-09 11:34:41,294 | INFO | app.candidate_scheduler | 【候选库调度器】已启动
2026-04-09 11:34:41,305 | INFO | app.topics | No stuck keyword gen tasks found on startup
2026-04-09 11:34:41,359 | INFO | app.candidate_scheduler | 【候选库调度器】预填 _fired 完成，共 0 条
2026-04-09 11:34:41,377 | INFO | app.video_ai | No stuck video AI templates found on startup
2026-04-09 11:34:41,383 | INFO | app.video_source | No stuck video downloads found on startup
2026-04-09 11:34:41,522 | INFO | app.services.candidate_service | 【导入恢复】无中断的导入任务
2026-04-09 11:34:41,549 | INFO | app.services.candidate_service | 【全量审核】启动恢复：无中断的 AI 审核任务
2026-04-09 11:34:41,549 | INFO | uvicorn.error | Application startup complete.
2026-04-09 11:34:50,237 | INFO | uvicorn.error | Shutting down
2026-04-09 11:34:50,341 | INFO | uvicorn.error | Waiting for application shutdown.
2026-04-09 11:34:50,342 | INFO | app.video_ai | Video AI queue processor stopped
2026-04-09 11:34:50,343 | INFO | app.ai_account | AI account queue processor stopped
2026-04-09 11:34:50,343 | INFO | app.video_publication_service | Video publication poller stopped
2026-04-09 11:34:50,343 | INFO | app.publication_metrics_scheduler | 【指标同步调度器】已停止
2026-04-09 11:34:50,343 | INFO | app.account_publish_scheduler | 【定时发布调度器】已停止
2026-04-09 11:34:50,343 | INFO | app.candidate_scheduler | 【候选库调度器】已停止
2026-04-09 11:34:50,343 | INFO | uvicorn.error | Application shutdown complete.
2026-04-09 11:34:50,343 | INFO | uvicorn.error | Finished server process [2593]
2026-04-09 11:34:52,062 | INFO | uvicorn.error | Started server process [2691]
2026-04-09 11:34:52,062 | INFO | uvicorn.error | Waiting for application startup.
2026-04-09 11:34:52,062 | INFO | app | Starting API with env=development db=postgresql+asyncpg://postgres:postgres@localhost:5432/task_manager
2026-04-09 11:34:52,162 | INFO | app.video_ai | Video AI queue processor started
2026-04-09 11:34:52,162 | INFO | app.ai_account | AI account queue processor started
2026-04-09 11:34:52,168 | INFO | app.video_publication_service | Video publication poller started
2026-04-09 11:34:52,168 | INFO | app.publication_metrics_scheduler | 【指标同步调度器】已启动
2026-04-09 11:34:52,168 | INFO | app.account_publish_scheduler | 【定时发布调度器】已启动，轮询间隔 60 秒
2026-04-09 11:34:52,168 | INFO | app.candidate_scheduler | 【候选库调度器】已启动
2026-04-09 11:34:52,174 | INFO | app.topics | No stuck keyword gen tasks found on startup
2026-04-09 11:34:52,230 | INFO | app.candidate_scheduler | 【候选库调度器】预填 _fired 完成，共 0 条
2026-04-09 11:34:52,249 | INFO | app.video_ai | No stuck video AI templates found on startup
2026-04-09 11:34:52,255 | INFO | app.video_source | No stuck video downloads found on startup
2026-04-09 11:34:52,278 | INFO | app.services.candidate_service | 【导入恢复】无中断的导入任务
2026-04-09 11:34:52,298 | INFO | app.services.candidate_service | 【全量审核】启动恢复：无中断的 AI 审核任务
2026-04-09 11:34:52,299 | INFO | uvicorn.error | Application startup complete.
2026-04-09 11:35:02,158 | INFO | uvicorn.error | Shutting down
2026-04-09 11:35:02,261 | INFO | uvicorn.error | Waiting for application shutdown.
2026-04-09 11:35:02,263 | INFO | app.video_ai | Video AI queue processor stopped
2026-04-09 11:35:02,263 | INFO | app.ai_account | AI account queue processor stopped
2026-04-09 11:35:02,264 | INFO | app.video_publication_service | Video publication poller stopped
2026-04-09 11:35:02,264 | INFO | app.publication_metrics_scheduler | 【指标同步调度器】已停止
2026-04-09 11:35:02,264 | INFO | app.account_publish_scheduler | 【定时发布调度器】已停止
2026-04-09 11:35:02,264 | INFO | app.candidate_scheduler | 【候选库调度器】已停止
2026-04-09 11:35:02,265 | INFO | uvicorn.error | Application shutdown complete.
2026-04-09 11:35:02,265 | INFO | uvicorn.error | Finished server process [2691]
2026-04-09 11:35:04,437 | INFO | uvicorn.error | Started server process [2796]
2026-04-09 11:35:04,438 | INFO | uvicorn.error | Waiting for application startup.
2026-04-09 11:35:04,438 | INFO | app | Starting API with env=development db=postgresql+asyncpg://postgres:postgres@localhost:5432/task_manager
2026-04-09 11:35:04,570 | INFO | app.video_ai | Video AI queue processor started
2026-04-09 11:35:04,570 | INFO | app.ai_account | AI account queue processor started
2026-04-09 11:35:04,581 | INFO | app.video_publication_service | Video publication poller started
2026-04-09 11:35:04,581 | INFO | app.publication_metrics_scheduler | 【指标同步调度器】已启动
2026-04-09 11:35:04,581 | INFO | app.account_publish_scheduler | 【定时发布调度器】已启动，轮询间隔 60 秒
2026-04-09 11:35:04,581 | INFO | app.candidate_scheduler | 【候选库调度器】已启动
2026-04-09 11:35:04,588 | INFO | app.topics | No stuck keyword gen tasks found on startup
2026-04-09 11:35:04,643 | INFO | app.candidate_scheduler | 【候选库调度器】预填 _fired 完成，共 0 条
2026-04-09 11:35:04,655 | INFO | app.video_ai | No stuck video AI templates found on startup
2026-04-09 11:35:04,662 | INFO | app.video_source | No stuck video downloads found on startup
2026-04-09 11:35:04,682 | INFO | app.services.candidate_service | 【导入恢复】无中断的导入任务
2026-04-09 11:35:04,700 | INFO | app.services.candidate_service | 【全量审核】启动恢复：无中断的 AI 审核任务
2026-04-09 11:35:04,700 | INFO | uvicorn.error | Application startup complete.
2026-04-09 11:35:07,728 | INFO | uvicorn.error | Shutting down
2026-04-09 11:35:07,829 | INFO | uvicorn.error | Waiting for application shutdown.
2026-04-09 11:35:07,831 | INFO | app.video_ai | Video AI queue processor stopped
2026-04-09 11:35:07,831 | INFO | app.ai_account | AI account queue processor stopped
2026-04-09 11:35:07,831 | INFO | app.video_publication_service | Video publication poller stopped
2026-04-09 11:35:07,832 | INFO | app.publication_metrics_scheduler | 【指标同步调度器】已停止
2026-04-09 11:35:07,832 | INFO | app.account_publish_scheduler | 【定时发布调度器】已停止
2026-04-09 11:35:07,832 | INFO | app.candidate_scheduler | 【候选库调度器】已停止
2026-04-09 11:35:07,833 | INFO | uvicorn.error | Application shutdown complete.
2026-04-09 11:35:07,834 | INFO | uvicorn.error | Finished server process [2796]
2026-04-09 11:35:09,617 | INFO | uvicorn.error | Started server process [2848]
2026-04-09 11:35:09,617 | INFO | uvicorn.error | Waiting for application startup.
2026-04-09 11:35:09,618 | INFO | app | Starting API with env=development db=postgresql+asyncpg://postgres:postgres@localhost:5432/task_manager
2026-04-09 11:35:09,711 | INFO | app.video_ai | Video AI queue processor started
2026-04-09 11:35:09,712 | INFO | app.ai_account | AI account queue processor started
2026-04-09 11:35:09,718 | INFO | app.video_publication_service | Video publication poller started
2026-04-09 11:35:09,718 | INFO | app.publication_metrics_scheduler | 【指标同步调度器】已启动
2026-04-09 11:35:09,718 | INFO | app.account_publish_scheduler | 【定时发布调度器】已启动，轮询间隔 60 秒
2026-04-09 11:35:09,718 | INFO | app.candidate_scheduler | 【候选库调度器】已启动
2026-04-09 11:35:09,725 | INFO | app.topics | No stuck keyword gen tasks found on startup
2026-04-09 11:35:09,775 | INFO | app.candidate_scheduler | 【候选库调度器】预填 _fired 完成，共 0 条
2026-04-09 11:35:09,787 | INFO | app.video_ai | No stuck video AI templates found on startup
2026-04-09 11:35:09,793 | INFO | app.video_source | No stuck video downloads found on startup
2026-04-09 11:35:09,826 | INFO | app.services.candidate_service | 【导入恢复】无中断的导入任务
2026-04-09 11:35:09,845 | INFO | app.services.candidate_service | 【全量审核】启动恢复：无中断的 AI 审核任务
2026-04-09 11:35:09,845 | INFO | uvicorn.error | Application startup complete.
2026-04-09 11:35:26,369 | INFO | uvicorn.error | Shutting down
2026-04-09 11:35:26,474 | INFO | uvicorn.error | Waiting for application shutdown.
2026-04-09 11:35:26,476 | INFO | app.video_ai | Video AI queue processor stopped
2026-04-09 11:35:26,476 | INFO | app.ai_account | AI account queue processor stopped
2026-04-09 11:35:26,476 | INFO | app.video_publication_service | Video publication poller stopped
2026-04-09 11:35:26,476 | INFO | app.publication_metrics_scheduler | 【指标同步调度器】已停止
2026-04-09 11:35:26,477 | INFO | app.account_publish_scheduler | 【定时发布调度器】已停止
2026-04-09 11:35:26,477 | INFO | app.candidate_scheduler | 【候选库调度器】已停止
2026-04-09 11:35:26,477 | INFO | uvicorn.error | Application shutdown complete.
2026-04-09 11:35:26,478 | INFO | uvicorn.error | Finished server process [2848]
2026-04-09 11:35:28,679 | INFO | uvicorn.error | Started server process [3013]
2026-04-09 11:35:28,680 | INFO | uvicorn.error | Waiting for application startup.
2026-04-09 11:35:28,680 | INFO | app | Starting API with env=development db=postgresql+asyncpg://postgres:postgres@localhost:5432/task_manager
2026-04-09 11:35:28,803 | INFO | app.video_ai | Video AI queue processor started
2026-04-09 11:35:28,803 | INFO | app.ai_account | AI account queue processor started
2026-04-09 11:35:28,809 | INFO | app.video_publication_service | Video publication poller started
2026-04-09 11:35:28,809 | INFO | app.publication_metrics_scheduler | 【指标同步调度器】已启动
2026-04-09 11:35:28,809 | INFO | app.account_publish_scheduler | 【定时发布调度器】已启动，轮询间隔 60 秒
2026-04-09 11:35:28,809 | INFO | app.candidate_scheduler | 【候选库调度器】已启动
2026-04-09 11:35:28,815 | INFO | app.topics | No stuck keyword gen tasks found on startup
2026-04-09 11:35:28,899 | INFO | app.candidate_scheduler | 【候选库调度器】预填 _fired 完成，共 0 条
2026-04-09 11:35:28,910 | INFO | app.video_ai | No stuck video AI templates found on startup
2026-04-09 11:35:28,919 | INFO | app.video_source | No stuck video downloads found on startup
2026-04-09 11:35:28,948 | INFO | app.services.candidate_service | 【导入恢复】无中断的导入任务
2026-04-09 11:35:28,969 | INFO | app.services.candidate_service | 【全量审核】启动恢复：无中断的 AI 审核任务
2026-04-09 11:35:28,970 | INFO | uvicorn.error | Application startup complete.
2026-04-09 11:35:31,595 | INFO | uvicorn.error | Shutting down
2026-04-09 11:35:31,703 | INFO | uvicorn.error | Waiting for application shutdown.
2026-04-09 11:35:31,709 | INFO | app.video_ai | Video AI queue processor stopped
2026-04-09 11:35:31,710 | INFO | app.ai_account | AI account queue processor stopped
2026-04-09 11:35:31,712 | INFO | app.video_publication_service | Video publication poller stopped
2026-04-09 11:35:31,712 | INFO | app.publication_metrics_scheduler | 【指标同步调度器】已停止
2026-04-09 11:35:31,712 | INFO | app.account_publish_scheduler | 【定时发布调度器】已停止
2026-04-09 11:35:31,713 | INFO | app.candidate_scheduler | 【候选库调度器】已停止
2026-04-09 11:35:31,714 | INFO | uvicorn.error | Application shutdown complete.
2026-04-09 11:35:31,715 | INFO | uvicorn.error | Finished server process [3013]
2026-04-09 11:35:33,203 | INFO | uvicorn.error | Started server process [3048]
2026-04-09 11:35:33,203 | INFO | uvicorn.error | Waiting for application startup.
2026-04-09 11:35:33,204 | INFO | app | Starting API with env=development db=postgresql+asyncpg://postgres:postgres@localhost:5432/task_manager
2026-04-09 11:35:33,301 | INFO | app.video_ai | Video AI queue processor started
2026-04-09 11:35:33,301 | INFO | app.ai_account | AI account queue processor started
2026-04-09 11:35:33,306 | INFO | app.video_publication_service | Video publication poller started
2026-04-09 11:35:33,306 | INFO | app.publication_metrics_scheduler | 【指标同步调度器】已启动
2026-04-09 11:35:33,306 | INFO | app.account_publish_scheduler | 【定时发布调度器】已启动，轮询间隔 60 秒
2026-04-09 11:35:33,306 | INFO | app.candidate_scheduler | 【候选库调度器】已启动
2026-04-09 11:35:33,316 | INFO | app.topics | No stuck keyword gen tasks found on startup
2026-04-09 11:35:33,386 | INFO | app.candidate_scheduler | 【候选库调度器】预填 _fired 完成，共 0 条
2026-04-09 11:35:33,394 | INFO | app.video_ai | No stuck video AI templates found on startup
2026-04-09 11:35:33,401 | INFO | app.video_source | No stuck video downloads found on startup
2026-04-09 11:35:33,439 | INFO | app.services.candidate_service | 【导入恢复】无中断的导入任务
2026-04-09 11:35:33,448 | INFO | app.services.candidate_service | 【全量审核】启动恢复：无中断的 AI 审核任务
2026-04-09 11:35:33,448 | INFO | uvicorn.error | Application startup complete.
2026-04-09 11:35:38,603 | INFO | uvicorn.error | Shutting down
2026-04-09 11:35:38,705 | INFO | uvicorn.error | Waiting for application shutdown.
2026-04-09 11:35:38,707 | INFO | app.video_ai | Video AI queue processor stopped
2026-04-09 11:35:38,707 | INFO | app.ai_account | AI account queue processor stopped
2026-04-09 11:35:38,707 | INFO | app.video_publication_service | Video publication poller stopped
2026-04-09 11:35:38,707 | INFO | app.publication_metrics_scheduler | 【指标同步调度器】已停止
2026-04-09 11:35:38,708 | INFO | app.account_publish_scheduler | 【定时发布调度器】已停止
2026-04-09 11:35:38,708 | INFO | app.candidate_scheduler | 【候选库调度器】已停止
2026-04-09 11:35:38,708 | INFO | uvicorn.error | Application shutdown complete.
2026-04-09 11:35:38,708 | INFO | uvicorn.error | Finished server process [3048]
2026-04-09 11:35:41,666 | INFO | uvicorn.error | Started server process [3117]
2026-04-09 11:35:41,666 | INFO | uvicorn.error | Waiting for application startup.
2026-04-09 11:35:41,666 | INFO | app | Starting API with env=development db=postgresql+asyncpg://postgres:postgres@localhost:5432/task_manager
2026-04-09 11:35:41,782 | INFO | app.video_ai | Video AI queue processor started
2026-04-09 11:35:41,782 | INFO | app.ai_account | AI account queue processor started
2026-04-09 11:35:41,788 | INFO | app.video_publication_service | Video publication poller started
2026-04-09 11:35:41,788 | INFO | app.publication_metrics_scheduler | 【指标同步调度器】已启动
2026-04-09 11:35:41,788 | INFO | app.account_publish_scheduler | 【定时发布调度器】已启动，轮询间隔 60 秒
2026-04-09 11:35:41,788 | INFO | app.candidate_scheduler | 【候选库调度器】已启动
2026-04-09 11:35:41,797 | INFO | app.topics | No stuck keyword gen tasks found on startup
2026-04-09 11:35:41,885 | INFO | app.candidate_scheduler | 【候选库调度器】预填 _fired 完成，共 0 条
2026-04-09 11:35:41,909 | INFO | app.video_ai | No stuck video AI templates found on startup
2026-04-09 11:35:42,185 | INFO | app.video_source | No stuck video downloads found on startup
2026-04-09 11:35:42,434 | INFO | app.services.candidate_service | 【导入恢复】无中断的导入任务
2026-04-09 11:35:43,211 | INFO | app.services.candidate_service | 【全量审核】启动恢复：无中断的 AI 审核任务
2026-04-09 11:35:43,218 | INFO | uvicorn.error | Application startup complete.
2026-04-09 11:39:33,511 | INFO | uvicorn.error | Shutting down
2026-04-09 11:39:33,622 | INFO | uvicorn.error | Waiting for application shutdown.
2026-04-09 11:39:33,639 | INFO | app.video_ai | Video AI queue processor stopped
2026-04-09 11:39:33,641 | INFO | app.ai_account | AI account queue processor stopped
2026-04-09 11:39:33,642 | INFO | app.video_publication_service | Video publication poller stopped
2026-04-09 11:39:33,642 | INFO | app.publication_metrics_scheduler | 【指标同步调度器】已停止
2026-04-09 11:39:33,643 | INFO | app.account_publish_scheduler | 【定时发布调度器】已停止
2026-04-09 11:39:33,643 | INFO | app.candidate_scheduler | 【候选库调度器】已停止
2026-04-09 11:39:33,646 | INFO | uvicorn.error | Application shutdown complete.
2026-04-09 11:39:33,646 | INFO | uvicorn.error | Finished server process [3117]
2026-04-09 11:39:36,027 | INFO | uvicorn.error | Started server process [5082]
2026-04-09 11:39:36,028 | INFO | uvicorn.error | Waiting for application startup.
2026-04-09 11:39:36,028 | INFO | app | Starting API with env=development db=postgresql+asyncpg://postgres:postgres@localhost:5432/task_manager
2026-04-09 11:39:36,169 | INFO | app.video_ai | Video AI queue processor started
2026-04-09 11:39:36,170 | INFO | app.ai_account | AI account queue processor started
2026-04-09 11:39:36,185 | INFO | app.video_publication_service | Video publication poller started
2026-04-09 11:39:36,185 | INFO | app.publication_metrics_scheduler | 【指标同步调度器】已启动
2026-04-09 11:39:36,185 | INFO | app.account_publish_scheduler | 【定时发布调度器】已启动，轮询间隔 60 秒
2026-04-09 11:39:36,185 | INFO | app.candidate_scheduler | 【候选库调度器】已启动
2026-04-09 11:39:36,193 | INFO | app.topics | No stuck keyword gen tasks found on startup
2026-04-09 11:39:36,258 | INFO | app.candidate_scheduler | 【候选库调度器】预填 _fired 完成，共 0 条
2026-04-09 11:39:36,274 | INFO | app.video_ai | No stuck video AI templates found on startup
2026-04-09 11:39:36,288 | INFO | app.video_source | No stuck video downloads found on startup
2026-04-09 11:39:36,312 | INFO | app.services.candidate_service | 【导入恢复】无中断的导入任务
2026-04-09 11:39:36,360 | INFO | app.services.candidate_service | 【全量审核】启动恢复：无中断的 AI 审核任务
2026-04-09 11:39:36,360 | INFO | uvicorn.error | Application startup complete.
2026-04-09 11:42:06,269 | INFO | uvicorn.error | Shutting down
2026-04-09 11:42:06,372 | INFO | uvicorn.error | Waiting for application shutdown.
2026-04-09 11:42:06,377 | INFO | app.video_ai | Video AI queue processor stopped
2026-04-09 11:42:06,377 | INFO | app.ai_account | AI account queue processor stopped
2026-04-09 11:42:06,377 | INFO | app.video_publication_service | Video publication poller stopped
2026-04-09 11:42:06,378 | INFO | app.publication_metrics_scheduler | 【指标同步调度器】已停止
2026-04-09 11:42:06,378 | INFO | app.account_publish_scheduler | 【定时发布调度器】已停止
2026-04-09 11:42:06,378 | INFO | app.candidate_scheduler | 【候选库调度器】已停止
2026-04-09 11:42:06,385 | INFO | uvicorn.error | Application shutdown complete.
2026-04-09 11:42:06,386 | INFO | uvicorn.error | Finished server process [5082]
2026-04-09 12:55:45,741 | INFO | uvicorn.error | Started server process [45103]
2026-04-09 12:55:45,741 | INFO | uvicorn.error | Waiting for application startup.
2026-04-09 12:55:45,741 | INFO | app | Starting API with env=development db=postgresql+asyncpg://postgres:postgres@localhost:5432/task_manager
2026-04-09 12:55:45,903 | INFO | app.video_ai | Video AI queue processor started
2026-04-09 12:55:45,903 | INFO | app.ai_account | AI account queue processor started
2026-04-09 12:55:45,917 | INFO | app.video_publication_service | Video publication poller started
2026-04-09 12:55:45,918 | INFO | app.publication_metrics_scheduler | 【指标同步调度器】已启动
2026-04-09 12:55:45,918 | INFO | app.account_publish_scheduler | 【定时发布调度器】已启动，轮询间隔 60 秒
2026-04-09 12:55:45,918 | INFO | app.candidate_scheduler | 【候选库调度器】已启动
2026-04-09 12:55:45,925 | INFO | app.topics | No stuck keyword gen tasks found on startup
2026-04-09 12:55:45,992 | INFO | app.candidate_scheduler | 【候选库调度器】预填 _fired 完成，共 0 条
2026-04-09 12:55:46,022 | INFO | app.video_ai | No stuck video AI templates found on startup
2026-04-09 12:55:46,044 | INFO | app.video_source | No stuck video downloads found on startup
2026-04-09 12:55:46,089 | INFO | app.services.candidate_service | 【导入恢复】无中断的导入任务
2026-04-09 12:55:46,123 | INFO | app.services.candidate_service | 【全量审核】启动恢复：无中断的 AI 审核任务
2026-04-09 12:55:46,123 | INFO | uvicorn.error | Application startup complete.
2026-04-09 12:55:46,933 | INFO | app | [189c43db] OPTIONS /api/v1/auth/profile -> 200 (3.52ms)
2026-04-09 12:55:46,934 | INFO | uvicorn.access | 127.0.0.1:55536 - "OPTIONS /api/v1/auth/profile HTTP/1.1" 200
2026-04-09 12:55:46,934 | INFO | app | [6f1fb705] OPTIONS /api/v1/tiktok-bloggers -> 200 (2.01ms)
2026-04-09 12:55:46,935 | INFO | uvicorn.access | 127.0.0.1:55537 - "OPTIONS /api/v1/tiktok-bloggers HTTP/1.1" 200
2026-04-09 12:55:46,956 | INFO | app | [e7bb5324] GET /api/v1/auth/profile -> 200 (19.14ms)
2026-04-09 12:55:46,956 | INFO | uvicorn.access | 127.0.0.1:55537 - "GET /api/v1/auth/profile HTTP/1.1" 200
2026-04-09 12:55:46,973 | INFO | app | [62bb3c33] GET /api/v1/tiktok-bloggers -> 200 (35.51ms)
2026-04-09 12:55:46,974 | INFO | uvicorn.access | 127.0.0.1:55539 - "GET /api/v1/tiktok-bloggers HTTP/1.1" 200
2026-04-09 12:55:46,984 | INFO | app | [68187655] OPTIONS /api/v1/video-tasks?page=1&page_size=20&target_date=2026-04-09 -> 200 (0.45ms)
2026-04-09 12:55:46,984 | INFO | uvicorn.access | 127.0.0.1:55539 - "OPTIONS /api/v1/video-tasks?page=1&page_size=20&target_date=2026-04-09 HTTP/1.1" 200
2026-04-09 12:55:46,984 | INFO | app | [8aa3634d] OPTIONS /api/v1/video-tasks/stats?target_date=2026-04-09 -> 200 (0.50ms)
2026-04-09 12:55:46,984 | INFO | uvicorn.access | 127.0.0.1:55537 - "OPTIONS /api/v1/video-tasks/stats?target_date=2026-04-09 HTTP/1.1" 200
2026-04-09 12:55:47,030 | INFO | app | [f129ab74] GET /api/v1/video-tasks/stats?target_date=2026-04-09 -> 200 (44.43ms)
2026-04-09 12:55:47,030 | INFO | uvicorn.access | 127.0.0.1:55541 - "GET /api/v1/video-tasks/stats?target_date=2026-04-09 HTTP/1.1" 200
2026-04-09 12:55:47,031 | INFO | app | [314773e5] GET /api/v1/video-tasks?page=1&page_size=20&target_date=2026-04-09 -> 200 (45.58ms)
2026-04-09 12:55:47,031 | INFO | uvicorn.access | 127.0.0.1:55537 - "GET /api/v1/video-tasks?page=1&page_size=20&target_date=2026-04-09 HTTP/1.1" 200
2026-04-09 12:55:47,047 | INFO | app | [6c7a09b2] GET /api/v1/video-tasks/stats?target_date=2026-04-09 -> 200 (11.56ms)
2026-04-09 12:55:47,047 | INFO | uvicorn.access | 127.0.0.1:55537 - "GET /api/v1/video-tasks/stats?target_date=2026-04-09 HTTP/1.1" 200
2026-04-09 12:55:50,893 | INFO | app | [bf17a9fc] OPTIONS /api/v1/video-tasks?page=1&page_size=20&target_date=2026-04-08 -> 200 (1.29ms)
2026-04-09 12:55:50,893 | INFO | uvicorn.access | 127.0.0.1:55537 - "OPTIONS /api/v1/video-tasks?page=1&page_size=20&target_date=2026-04-08 HTTP/1.1" 200
2026-04-09 12:55:50,949 | INFO | app | [28eedb28] GET /api/v1/video-tasks?page=1&page_size=20&target_date=2026-04-08 -> 200 (49.85ms)
2026-04-09 12:55:50,949 | INFO | uvicorn.access | 127.0.0.1:55537 - "GET /api/v1/video-tasks?page=1&page_size=20&target_date=2026-04-08 HTTP/1.1" 200
2026-04-09 12:55:51,006 | INFO | app | [d0a50735] OPTIONS /api/v1/video-tasks/stats?target_date=2026-04-08 -> 200 (9.96ms)
2026-04-09 12:55:51,006 | INFO | uvicorn.access | 127.0.0.1:55537 - "OPTIONS /api/v1/video-tasks/stats?target_date=2026-04-08 HTTP/1.1" 200
2026-04-09 12:55:51,054 | INFO | app | [6e482c9a] GET /api/v1/video-tasks/stats?target_date=2026-04-08 -> 200 (45.94ms)
2026-04-09 12:55:51,054 | INFO | uvicorn.access | 127.0.0.1:55537 - "GET /api/v1/video-tasks/stats?target_date=2026-04-08 HTTP/1.1" 200
2026-04-09 12:55:53,257 | INFO | app | [f301f2dd] GET /api/v1/video-tasks?page=1&page_size=20&target_date=2026-04-09 -> 200 (28.74ms)
2026-04-09 12:55:53,257 | INFO | uvicorn.access | 127.0.0.1:55537 - "GET /api/v1/video-tasks?page=1&page_size=20&target_date=2026-04-09 HTTP/1.1" 200
2026-04-09 12:55:53,284 | INFO | app | [447cedae] GET /api/v1/video-tasks/stats?target_date=2026-04-09 -> 200 (21.25ms)
2026-04-09 12:55:53,286 | INFO | uvicorn.access | 127.0.0.1:55537 - "GET /api/v1/video-tasks/stats?target_date=2026-04-09 HTTP/1.1" 200
2026-04-09 12:55:54,428 | INFO | app | [6e31697f] OPTIONS /api/v1/video-tasks?page=1&page_size=20&target_date=2026-04-07 -> 200 (0.45ms)
2026-04-09 12:55:54,429 | INFO | uvicorn.access | 127.0.0.1:55537 - "OPTIONS /api/v1/video-tasks?page=1&page_size=20&target_date=2026-04-07 HTTP/1.1" 200
2026-04-09 12:55:54,445 | INFO | app | [945a6499] GET /api/v1/video-tasks?page=1&page_size=20&target_date=2026-04-07 -> 200 (12.85ms)
2026-04-09 12:55:54,445 | INFO | uvicorn.access | 127.0.0.1:55537 - "GET /api/v1/video-tasks?page=1&page_size=20&target_date=2026-04-07 HTTP/1.1" 200
2026-04-09 12:55:54,450 | INFO | app | [2792d9f9] OPTIONS /api/v1/video-tasks/stats?target_date=2026-04-07 -> 200 (0.49ms)
2026-04-09 12:55:54,450 | INFO | uvicorn.access | 127.0.0.1:55537 - "OPTIONS /api/v1/video-tasks/stats?target_date=2026-04-07 HTTP/1.1" 200
2026-04-09 12:55:54,470 | INFO | app | [1412e0d2] GET /api/v1/video-tasks/stats?target_date=2026-04-07 -> 200 (18.36ms)
2026-04-09 12:55:54,471 | INFO | uvicorn.access | 127.0.0.1:55537 - "GET /api/v1/video-tasks/stats?target_date=2026-04-07 HTTP/1.1" 200
2026-04-09 12:55:57,117 | INFO | app | [f70f724b] OPTIONS /api/v1/video-tasks?page=1&page_size=20&target_date=2026-03-31 -> 200 (1.27ms)
2026-04-09 12:55:57,117 | INFO | uvicorn.access | 127.0.0.1:55537 - "OPTIONS /api/v1/video-tasks?page=1&page_size=20&target_date=2026-03-31 HTTP/1.1" 200
2026-04-09 12:55:57,198 | INFO | app | [5da125a4] GET /api/v1/video-tasks?page=1&page_size=20&target_date=2026-03-31 -> 200 (78.15ms)
2026-04-09 12:55:57,198 | INFO | uvicorn.access | 127.0.0.1:55537 - "GET /api/v1/video-tasks?page=1&page_size=20&target_date=2026-03-31 HTTP/1.1" 200
2026-04-09 12:55:57,250 | INFO | app | [b9667ae2] OPTIONS /api/v1/video-tasks/stats?target_date=2026-03-31 -> 200 (0.34ms)
2026-04-09 12:55:57,250 | INFO | uvicorn.access | 127.0.0.1:55537 - "OPTIONS /api/v1/video-tasks/stats?target_date=2026-03-31 HTTP/1.1" 200
2026-04-09 12:55:57,263 | INFO | app | [331b3b38] GET /api/v1/video-tasks/stats?target_date=2026-03-31 -> 200 (10.93ms)
2026-04-09 12:55:57,263 | INFO | uvicorn.access | 127.0.0.1:55537 - "GET /api/v1/video-tasks/stats?target_date=2026-03-31 HTTP/1.1" 200
2026-04-09 12:56:00,919 | INFO | app | [778e0add] OPTIONS /api/v1/video-tasks/daily/2026-03-31/upload -> 200 (0.39ms)
2026-04-09 12:56:00,919 | INFO | uvicorn.access | 127.0.0.1:55537 - "OPTIONS /api/v1/video-tasks/daily/2026-03-31/upload HTTP/1.1" 200
2026-04-09 12:56:00,926 | INFO | app | [7b2808e3] POST /api/v1/video-tasks/daily/2026-03-31/upload -> 200 (3.53ms)
2026-04-09 12:56:00,926 | INFO | uvicorn.access | 127.0.0.1:55537 - "POST /api/v1/video-tasks/daily/2026-03-31/upload HTTP/1.1" 200
2026-04-09 12:56:00,949 | ERROR | app.api.v1.video_tasks | Background upload tasks failed for 2026-03-31: No pending tasks found for 2026-03-31
2026-04-09 12:56:03,006 | INFO | app | [5b85d799] GET /api/v1/video-tasks?page=1&page_size=20&target_date=2026-03-31 -> 200 (65.75ms)
2026-04-09 12:56:03,006 | INFO | uvicorn.access | 127.0.0.1:55537 - "GET /api/v1/video-tasks?page=1&page_size=20&target_date=2026-03-31 HTTP/1.1" 200
2026-04-09 12:56:03,031 | INFO | app | [11277d40] GET /api/v1/video-tasks/stats?target_date=2026-03-31 -> 200 (17.52ms)
2026-04-09 12:56:03,031 | INFO | uvicorn.access | 127.0.0.1:55537 - "GET /api/v1/video-tasks/stats?target_date=2026-03-31 HTTP/1.1" 200
2026-04-09 13:00:27,053 | INFO | app | [8d24666f] GET /api/v1/auth/profile -> 200 (142.84ms)
2026-04-09 13:00:27,054 | INFO | uvicorn.access | 127.0.0.1:58015 - "GET /api/v1/auth/profile HTTP/1.1" 200
2026-04-09 13:00:27,055 | INFO | app | [6f898c1b] GET /api/v1/tiktok-bloggers -> 200 (130.14ms)
2026-04-09 13:00:27,056 | INFO | uvicorn.access | 127.0.0.1:58016 - "GET /api/v1/tiktok-bloggers HTTP/1.1" 200
2026-04-09 13:00:27,088 | INFO | app | [3e4a2311] GET /api/v1/video-tasks/stats?target_date=2026-03-31 -> 200 (15.13ms)
2026-04-09 13:00:27,088 | INFO | uvicorn.access | 127.0.0.1:58015 - "GET /api/v1/video-tasks/stats?target_date=2026-03-31 HTTP/1.1" 200
2026-04-09 13:00:27,119 | INFO | app | [4dc7f78b] GET /api/v1/video-tasks?page=1&page_size=20&target_date=2026-03-31 -> 200 (46.68ms)
2026-04-09 13:00:27,119 | INFO | uvicorn.access | 127.0.0.1:58016 - "GET /api/v1/video-tasks?page=1&page_size=20&target_date=2026-03-31 HTTP/1.1" 200
2026-04-09 13:00:30,359 | INFO | app | [f5d03dd0] GET /api/v1/video-tasks/stats?target_date=2026-03-31 -> 200 (31.22ms)
2026-04-09 13:00:30,359 | INFO | uvicorn.access | 127.0.0.1:58016 - "GET /api/v1/video-tasks/stats?target_date=2026-03-31 HTTP/1.1" 200
2026-04-09 13:42:21,952 | INFO | app | [88543848] OPTIONS /api/v1/flags -> 200 (13.14ms)
2026-04-09 13:42:21,957 | INFO | uvicorn.access | 127.0.0.1:60338 - "OPTIONS /api/v1/flags HTTP/1.1" 200
2026-04-09 13:42:21,957 | INFO | app | [52230be3] OPTIONS /api/v1/accounts?page=1&page_size=20 -> 200 (13.74ms)
2026-04-09 13:42:21,957 | INFO | uvicorn.access | 127.0.0.1:60339 - "OPTIONS /api/v1/accounts?page=1&page_size=20 HTTP/1.1" 200
2026-04-09 13:42:22,073 | INFO | app | [3f2753de] GET /api/v1/flags -> 200 (114.63ms)
2026-04-09 13:42:22,073 | INFO | uvicorn.access | 127.0.0.1:60339 - "GET /api/v1/flags HTTP/1.1" 200
2026-04-09 13:42:22,120 | INFO | app | [7a8f3153] GET /api/v1/accounts?page=1&page_size=20 -> 200 (156.34ms)
2026-04-09 13:42:22,121 | INFO | uvicorn.access | 127.0.0.1:60341 - "GET /api/v1/accounts?page=1&page_size=20 HTTP/1.1" 200
2026-04-09 13:42:57,892 | INFO | app | [0ddc8c49] GET /api/v1/tiktok-bloggers -> 200 (44.51ms)
2026-04-09 13:42:57,893 | INFO | uvicorn.access | 127.0.0.1:60530 - "GET /api/v1/tiktok-bloggers HTTP/1.1" 200
2026-04-09 13:42:57,912 | INFO | app | [72014e6d] GET /api/v1/video-tasks/stats?target_date=2026-04-09 -> 200 (13.65ms)
2026-04-09 13:42:57,912 | INFO | uvicorn.access | 127.0.0.1:60532 - "GET /api/v1/video-tasks/stats?target_date=2026-04-09 HTTP/1.1" 200
2026-04-09 13:42:57,912 | INFO | app | [06de4c59] GET /api/v1/video-tasks?page=1&page_size=20&target_date=2026-04-09 -> 200 (15.13ms)
2026-04-09 13:42:57,913 | INFO | uvicorn.access | 127.0.0.1:60530 - "GET /api/v1/video-tasks?page=1&page_size=20&target_date=2026-04-09 HTTP/1.1" 200
2026-04-09 13:42:57,946 | INFO | app | [4c4ca930] GET /api/v1/video-tasks/stats?target_date=2026-04-09 -> 200 (30.13ms)
2026-04-09 13:42:57,946 | INFO | uvicorn.access | 127.0.0.1:60530 - "GET /api/v1/video-tasks/stats?target_date=2026-04-09 HTTP/1.1" 200
2026-04-09 13:43:00,366 | INFO | app | [381b8bd9] GET /api/v1/flags -> 200 (23.98ms)
2026-04-09 13:43:00,366 | INFO | uvicorn.access | 127.0.0.1:60530 - "GET /api/v1/flags HTTP/1.1" 200
2026-04-09 13:43:00,386 | INFO | app | [93b425ea] GET /api/v1/accounts?page=1&page_size=20 -> 200 (43.17ms)
2026-04-09 13:43:00,387 | INFO | uvicorn.access | 127.0.0.1:60532 - "GET /api/v1/accounts?page=1&page_size=20 HTTP/1.1" 200
2026-04-09 13:43:02,073 | INFO | app | [1ba6bd1d] OPTIONS /api/v1/video-tasks/operator-stats?target_date=2026-04-09 -> 200 (1.41ms)
2026-04-09 13:43:02,073 | INFO | uvicorn.access | 127.0.0.1:60532 - "OPTIONS /api/v1/video-tasks/operator-stats?target_date=2026-04-09 HTTP/1.1" 200
2026-04-09 13:43:02,097 | INFO | app | [b14c92e0] GET /api/v1/video-tasks/operator-stats?target_date=2026-04-09 -> 200 (21.39ms)
2026-04-09 13:43:02,097 | INFO | uvicorn.access | 127.0.0.1:60530 - "GET /api/v1/video-tasks/operator-stats?target_date=2026-04-09 HTTP/1.1" 200
2026-04-09 13:43:02,556 | INFO | app | [fca4ac47] GET /api/v1/tiktok-bloggers -> 200 (24.54ms)
2026-04-09 13:43:02,556 | INFO | uvicorn.access | 127.0.0.1:60530 - "GET /api/v1/tiktok-bloggers HTTP/1.1" 200
2026-04-09 13:43:02,574 | INFO | app | [ff02e36f] GET /api/v1/video-tasks/stats?target_date=2026-04-09 -> 200 (8.47ms)
2026-04-09 13:43:02,574 | INFO | uvicorn.access | 127.0.0.1:60557 - "GET /api/v1/video-tasks/stats?target_date=2026-04-09 HTTP/1.1" 200
2026-04-09 13:43:02,577 | INFO | app | [8815b5a4] GET /api/v1/video-tasks?page=1&page_size=20&target_date=2026-04-09 -> 200 (11.94ms)
2026-04-09 13:43:02,577 | INFO | uvicorn.access | 127.0.0.1:60530 - "GET /api/v1/video-tasks?page=1&page_size=20&target_date=2026-04-09 HTTP/1.1" 200
2026-04-09 13:43:02,595 | INFO | app | [6ffa546f] GET /api/v1/video-tasks/stats?target_date=2026-04-09 -> 200 (15.36ms)
2026-04-09 13:43:02,596 | INFO | uvicorn.access | 127.0.0.1:60530 - "GET /api/v1/video-tasks/stats?target_date=2026-04-09 HTTP/1.1" 200
2026-04-09 13:43:04,530 | INFO | app | [b5b975c0] GET /api/v1/flags -> 200 (27.39ms)
2026-04-09 13:43:04,531 | INFO | uvicorn.access | 127.0.0.1:60530 - "GET /api/v1/flags HTTP/1.1" 200
2026-04-09 13:43:04,567 | INFO | app | [1cca10c6] GET /api/v1/accounts?page=1&page_size=20 -> 200 (64.08ms)
2026-04-09 13:43:04,567 | INFO | uvicorn.access | 127.0.0.1:60557 - "GET /api/v1/accounts?page=1&page_size=20 HTTP/1.1" 200
2026-04-09 13:47:05,368 | INFO | app | [d7cdea3f] OPTIONS /api/v1/video-ai-templates?page=1&page_size=20 -> 200 (1.57ms)
2026-04-09 13:47:05,369 | INFO | uvicorn.access | 127.0.0.1:61781 - "OPTIONS /api/v1/video-ai-templates?page=1&page_size=20 HTTP/1.1" 200
2026-04-09 13:47:05,369 | INFO | app | [654e1302] OPTIONS /api/v1/video-ai-templates/stats -> 200 (1.98ms)
2026-04-09 13:47:05,369 | INFO | uvicorn.access | 127.0.0.1:61782 - "OPTIONS /api/v1/video-ai-templates/stats HTTP/1.1" 200
2026-04-09 13:47:05,515 | INFO | app | [1574e767] GET /api/v1/video-ai-templates/stats -> 200 (135.07ms)
2026-04-09 13:47:05,515 | INFO | uvicorn.access | 127.0.0.1:61784 - "GET /api/v1/video-ai-templates/stats HTTP/1.1" 200
2026-04-09 13:47:05,602 | INFO | app | [655d660c] GET /api/v1/video-ai-templates?page=1&page_size=20 -> 200 (230.79ms)
2026-04-09 13:47:05,602 | INFO | uvicorn.access | 127.0.0.1:61782 - "GET /api/v1/video-ai-templates?page=1&page_size=20 HTTP/1.1" 200
2026-04-09 13:47:07,405 | INFO | app | [c4a336ce] OPTIONS /api/v1/video-sources?page=1&page_size=100 -> 200 (0.60ms)
2026-04-09 13:47:07,406 | INFO | uvicorn.access | 127.0.0.1:61782 - "OPTIONS /api/v1/video-sources?page=1&page_size=100 HTTP/1.1" 200
2026-04-09 13:47:07,406 | INFO | app | [8ab49ac5] OPTIONS /api/v1/video-ai-templates/f198ceef-ecbe-4b19-ad71-cdcaa3245712 -> 200 (0.84ms)
2026-04-09 13:47:07,406 | INFO | uvicorn.access | 127.0.0.1:61784 - "OPTIONS /api/v1/video-ai-templates/f198ceef-ecbe-4b19-ad71-cdcaa3245712 HTTP/1.1" 200
2026-04-09 13:47:07,476 | INFO | app | [1953a8de] GET /api/v1/video-sources?page=1&page_size=100 -> 200 (68.26ms)
2026-04-09 13:47:07,476 | INFO | uvicorn.access | 127.0.0.1:61784 - "GET /api/v1/video-sources?page=1&page_size=100 HTTP/1.1" 200
2026-04-09 13:47:07,488 | INFO | app | [1bfede09] GET /api/v1/video-ai-templates/f198ceef-ecbe-4b19-ad71-cdcaa3245712 -> 200 (79.66ms)
2026-04-09 13:47:07,488 | INFO | uvicorn.access | 127.0.0.1:61782 - "GET /api/v1/video-ai-templates/f198ceef-ecbe-4b19-ad71-cdcaa3245712 HTTP/1.1" 200
2026-04-09 13:47:28,997 | INFO | app | [0491287d] GET /api/v1/video-ai-templates/stats -> 200 (24.71ms)
2026-04-09 13:47:28,998 | INFO | uvicorn.access | 127.0.0.1:61915 - "GET /api/v1/video-ai-templates/stats HTTP/1.1" 200
2026-04-09 13:47:29,048 | INFO | app | [6aaf0008] GET /api/v1/video-ai-templates?page=1&page_size=20 -> 200 (79.61ms)
2026-04-09 13:47:29,048 | INFO | uvicorn.access | 127.0.0.1:61914 - "GET /api/v1/video-ai-templates?page=1&page_size=20 HTTP/1.1" 200
2026-04-09 13:47:36,005 | INFO | app | [b8d23956] OPTIONS /api/v1/face-library -> 200 (0.97ms)
2026-04-09 13:47:36,007 | INFO | uvicorn.access | 127.0.0.1:61947 - "OPTIONS /api/v1/face-library HTTP/1.1" 200
2026-04-09 13:47:36,053 | INFO | app | [3a6bfc98] GET /api/v1/face-library -> 200 (44.90ms)
2026-04-09 13:47:36,053 | INFO | uvicorn.access | 127.0.0.1:61947 - "GET /api/v1/face-library HTTP/1.1" 200
2026-04-09 13:47:36,603 | INFO | app | [fc7fbfc7] GET /api/v1/video-ai-templates/stats -> 200 (25.71ms)
2026-04-09 13:47:36,604 | INFO | uvicorn.access | 127.0.0.1:61949 - "GET /api/v1/video-ai-templates/stats HTTP/1.1" 200
2026-04-09 13:47:36,649 | INFO | app | [38b743b6] GET /api/v1/video-ai-templates?page=1&page_size=20 -> 200 (72.86ms)
2026-04-09 13:47:36,649 | INFO | uvicorn.access | 127.0.0.1:61947 - "GET /api/v1/video-ai-templates?page=1&page_size=20 HTTP/1.1" 200
2026-04-09 13:47:37,658 | INFO | app | [008c297c] GET /api/v1/video-sources?page=1&page_size=100 -> 200 (47.18ms)
2026-04-09 13:47:37,658 | INFO | uvicorn.access | 127.0.0.1:61947 - "GET /api/v1/video-sources?page=1&page_size=100 HTTP/1.1" 200
2026-04-09 13:47:37,672 | INFO | app | [bfcd7cce] GET /api/v1/video-ai-templates/f198ceef-ecbe-4b19-ad71-cdcaa3245712 -> 200 (60.01ms)
2026-04-09 13:47:37,672 | INFO | uvicorn.access | 127.0.0.1:61949 - "GET /api/v1/video-ai-templates/f198ceef-ecbe-4b19-ad71-cdcaa3245712 HTTP/1.1" 200
2026-04-09 13:48:05,665 | INFO | app | [f4c3a668] GET /api/v1/video-ai-templates/stats -> 200 (23.73ms)
2026-04-09 13:48:05,665 | INFO | uvicorn.access | 127.0.0.1:62096 - "GET /api/v1/video-ai-templates/stats HTTP/1.1" 200
2026-04-09 13:48:05,727 | INFO | app | [3da69a5f] GET /api/v1/video-ai-templates?page=1&page_size=20 -> 200 (87.47ms)
2026-04-09 13:48:05,727 | INFO | uvicorn.access | 127.0.0.1:62095 - "GET /api/v1/video-ai-templates?page=1&page_size=20 HTTP/1.1" 200
2026-04-09 13:49:13,899 | INFO | app | [c8815068] OPTIONS /api/v1/tiktok-bloggers -> 200 (1.65ms)
2026-04-09 13:49:13,900 | INFO | uvicorn.access | 127.0.0.1:62446 - "OPTIONS /api/v1/tiktok-bloggers HTTP/1.1" 200
2026-04-09 13:49:13,965 | INFO | app | [1d2ec901] GET /api/v1/tiktok-bloggers -> 200 (61.02ms)
2026-04-09 13:49:13,965 | INFO | uvicorn.access | 127.0.0.1:62446 - "GET /api/v1/tiktok-bloggers HTTP/1.1" 200
2026-04-09 13:49:13,975 | INFO | app | [97067b84] OPTIONS /api/v1/video-tasks?page=1&page_size=20&target_date=2026-04-09 -> 200 (0.30ms)
2026-04-09 13:49:13,977 | INFO | uvicorn.access | 127.0.0.1:62446 - "OPTIONS /api/v1/video-tasks?page=1&page_size=20&target_date=2026-04-09 HTTP/1.1" 200
2026-04-09 13:49:13,978 | INFO | app | [510537ff] OPTIONS /api/v1/video-tasks/stats?target_date=2026-04-09 -> 200 (0.16ms)
2026-04-09 13:49:13,978 | INFO | uvicorn.access | 127.0.0.1:62448 - "OPTIONS /api/v1/video-tasks/stats?target_date=2026-04-09 HTTP/1.1" 200
2026-04-09 13:49:13,996 | INFO | app | [9e7bbd0b] GET /api/v1/video-tasks/stats?target_date=2026-04-09 -> 200 (14.93ms)
2026-04-09 13:49:13,996 | INFO | uvicorn.access | 127.0.0.1:62446 - "GET /api/v1/video-tasks/stats?target_date=2026-04-09 HTTP/1.1" 200
2026-04-09 13:49:14,002 | INFO | app | [9ae0e56f] GET /api/v1/video-tasks?page=1&page_size=20&target_date=2026-04-09 -> 200 (23.01ms)
2026-04-09 13:49:14,003 | INFO | uvicorn.access | 127.0.0.1:62448 - "GET /api/v1/video-tasks?page=1&page_size=20&target_date=2026-04-09 HTTP/1.1" 200
2026-04-09 13:49:14,013 | INFO | app | [954461a0] GET /api/v1/video-tasks/stats?target_date=2026-04-09 -> 200 (8.01ms)
2026-04-09 13:49:14,014 | INFO | uvicorn.access | 127.0.0.1:62448 - "GET /api/v1/video-tasks/stats?target_date=2026-04-09 HTTP/1.1" 200
2026-04-09 13:49:14,796 | INFO | app | [5cfad465] GET /api/v1/flags -> 200 (21.53ms)
2026-04-09 13:49:14,796 | INFO | uvicorn.access | 127.0.0.1:62448 - "GET /api/v1/flags HTTP/1.1" 200
2026-04-09 13:49:14,837 | INFO | app | [771ae900] GET /api/v1/accounts?page=1&page_size=20 -> 200 (62.68ms)
2026-04-09 13:49:14,837 | INFO | uvicorn.access | 127.0.0.1:62446 - "GET /api/v1/accounts?page=1&page_size=20 HTTP/1.1" 200
2026-04-09 13:49:16,161 | INFO | app | [f74fc7d5] OPTIONS /api/v1/accounts/92a43fbb-08df-4401-81b7-c6af753b0c82 -> 200 (1.01ms)
2026-04-09 13:49:16,162 | INFO | uvicorn.access | 127.0.0.1:62446 - "OPTIONS /api/v1/accounts/92a43fbb-08df-4401-81b7-c6af753b0c82 HTTP/1.1" 200
2026-04-09 13:49:16,204 | INFO | app | [9339552f] GET /api/v1/accounts/92a43fbb-08df-4401-81b7-c6af753b0c82 -> 200 (38.07ms)
2026-04-09 13:49:16,204 | INFO | uvicorn.access | 127.0.0.1:62446 - "GET /api/v1/accounts/92a43fbb-08df-4401-81b7-c6af753b0c82 HTTP/1.1" 200
2026-04-09 13:49:16,219 | INFO | app | [12fd9b8b] OPTIONS /api/v1/video-tasks/subtasks/by-account?account_id=92a43fbb-08df-4401-81b7-c6af753b0c82&page=1&page_size=20&status=pending_publish -> 200 (3.65ms)
2026-04-09 13:49:16,219 | INFO | uvicorn.access | 127.0.0.1:62446 - "OPTIONS /api/v1/video-tasks/subtasks/by-account?account_id=92a43fbb-08df-4401-81b7-c6af753b0c82&page=1&page_size=20&status=pending_publish HTTP/1.1" 200
2026-04-09 13:49:16,219 | INFO | app | [01179ee8] OPTIONS /api/v1/video-tasks/subtasks/by-account/counts?account_id=92a43fbb-08df-4401-81b7-c6af753b0c82 -> 200 (2.61ms)
2026-04-09 13:49:16,219 | INFO | uvicorn.access | 127.0.0.1:62448 - "OPTIONS /api/v1/video-tasks/subtasks/by-account/counts?account_id=92a43fbb-08df-4401-81b7-c6af753b0c82 HTTP/1.1" 200
2026-04-09 13:49:16,255 | INFO | app | [348a428b] GET /api/v1/video-tasks/subtasks/by-account/counts?account_id=92a43fbb-08df-4401-81b7-c6af753b0c82 -> 200 (33.65ms)
2026-04-09 13:49:16,255 | INFO | uvicorn.access | 127.0.0.1:62462 - "GET /api/v1/video-tasks/subtasks/by-account/counts?account_id=92a43fbb-08df-4401-81b7-c6af753b0c82 HTTP/1.1" 200
2026-04-09 13:49:16,262 | INFO | app | [43fa7dcd] GET /api/v1/video-tasks/subtasks/by-account?account_id=92a43fbb-08df-4401-81b7-c6af753b0c82&page=1&page_size=20&status=pending_publish -> 200 (41.74ms)
2026-04-09 13:49:16,262 | INFO | uvicorn.access | 127.0.0.1:62448 - "GET /api/v1/video-tasks/subtasks/by-account?account_id=92a43fbb-08df-4401-81b7-c6af753b0c82&page=1&page_size=20&status=pending_publish HTTP/1.1" 200
2026-04-09 13:49:17,593 | INFO | app | [0cefe6ac] OPTIONS /api/v1/video-tasks/subtasks/by-account?account_id=92a43fbb-08df-4401-81b7-c6af753b0c82&page=1&page_size=20&status=publishing -> 200 (1.84ms)
2026-04-09 13:49:17,594 | INFO | uvicorn.access | 127.0.0.1:62448 - "OPTIONS /api/v1/video-tasks/subtasks/by-account?account_id=92a43fbb-08df-4401-81b7-c6af753b0c82&page=1&page_size=20&status=publishing HTTP/1.1" 200
2026-04-09 13:49:17,609 | INFO | app | [912dd460] GET /api/v1/video-tasks/subtasks/by-account/counts?account_id=92a43fbb-08df-4401-81b7-c6af753b0c82 -> 200 (17.47ms)
2026-04-09 13:49:17,609 | INFO | uvicorn.access | 127.0.0.1:62462 - "GET /api/v1/video-tasks/subtasks/by-account/counts?account_id=92a43fbb-08df-4401-81b7-c6af753b0c82 HTTP/1.1" 200
2026-04-09 13:49:17,621 | INFO | app | [81cffb29] GET /api/v1/video-tasks/subtasks/by-account?account_id=92a43fbb-08df-4401-81b7-c6af753b0c82&page=1&page_size=20&status=publishing -> 200 (25.40ms)
2026-04-09 13:49:17,621 | INFO | uvicorn.access | 127.0.0.1:62448 - "GET /api/v1/video-tasks/subtasks/by-account?account_id=92a43fbb-08df-4401-81b7-c6af753b0c82&page=1&page_size=20&status=publishing HTTP/1.1" 200
2026-04-09 13:49:44,553 | INFO | app | [d1a0c543] OPTIONS /api/v1/video-tasks/subtasks/by-account?account_id=92a43fbb-08df-4401-81b7-c6af753b0c82&page=1&page_size=20&status=queued -> 200 (4.94ms)
2026-04-09 13:49:44,555 | INFO | uvicorn.access | 127.0.0.1:62464 - "OPTIONS /api/v1/video-tasks/subtasks/by-account?account_id=92a43fbb-08df-4401-81b7-c6af753b0c82&page=1&page_size=20&status=queued HTTP/1.1" 200
2026-04-09 13:49:44,606 | INFO | app | [4d00aaed] GET /api/v1/video-tasks/subtasks/by-account/counts?account_id=92a43fbb-08df-4401-81b7-c6af753b0c82 -> 200 (53.05ms)
2026-04-09 13:49:44,606 | INFO | uvicorn.access | 127.0.0.1:62601 - "GET /api/v1/video-tasks/subtasks/by-account/counts?account_id=92a43fbb-08df-4401-81b7-c6af753b0c82 HTTP/1.1" 200
2026-04-09 13:49:44,623 | INFO | app | [ab1c957a] GET /api/v1/video-tasks/subtasks/by-account?account_id=92a43fbb-08df-4401-81b7-c6af753b0c82&page=1&page_size=20&status=queued -> 200 (50.96ms)
2026-04-09 13:49:44,623 | INFO | uvicorn.access | 127.0.0.1:62603 - "GET /api/v1/video-tasks/subtasks/by-account?account_id=92a43fbb-08df-4401-81b7-c6af753b0c82&page=1&page_size=20&status=queued HTTP/1.1" 200
2026-04-09 13:49:45,986 | INFO | app | [0b1a084b] GET /api/v1/video-tasks/subtasks/by-account/counts?account_id=92a43fbb-08df-4401-81b7-c6af753b0c82 -> 200 (18.14ms)
2026-04-09 13:49:45,986 | INFO | uvicorn.access | 127.0.0.1:62601 - "GET /api/v1/video-tasks/subtasks/by-account/counts?account_id=92a43fbb-08df-4401-81b7-c6af753b0c82 HTTP/1.1" 200
2026-04-09 13:49:45,990 | INFO | app | [2f0a3725] GET /api/v1/video-tasks/subtasks/by-account?account_id=92a43fbb-08df-4401-81b7-c6af753b0c82&page=1&page_size=20&status=publishing -> 200 (22.11ms)
2026-04-09 13:49:45,990 | INFO | uvicorn.access | 127.0.0.1:62603 - "GET /api/v1/video-tasks/subtasks/by-account?account_id=92a43fbb-08df-4401-81b7-c6af753b0c82&page=1&page_size=20&status=publishing HTTP/1.1" 200
2026-04-09 13:50:03,399 | INFO | app | [796f81a5] GET /api/v1/video-tasks/subtasks/by-account/counts?account_id=92a43fbb-08df-4401-81b7-c6af753b0c82 -> 200 (30.72ms)
2026-04-09 13:50:03,400 | INFO | uvicorn.access | 127.0.0.1:62710 - "GET /api/v1/video-tasks/subtasks/by-account/counts?account_id=92a43fbb-08df-4401-81b7-c6af753b0c82 HTTP/1.1" 200
2026-04-09 13:50:03,412 | INFO | app | [4fad5fcd] GET /api/v1/video-tasks/subtasks/by-account?account_id=92a43fbb-08df-4401-81b7-c6af753b0c82&page=1&page_size=20&status=queued -> 200 (56.10ms)
2026-04-09 13:50:03,412 | INFO | uvicorn.access | 127.0.0.1:62709 - "GET /api/v1/video-tasks/subtasks/by-account?account_id=92a43fbb-08df-4401-81b7-c6af753b0c82&page=1&page_size=20&status=queued HTTP/1.1" 200
2026-04-09 13:50:07,656 | INFO | app | [7b7f486f] GET /api/v1/video-tasks/subtasks/by-account/counts?account_id=92a43fbb-08df-4401-81b7-c6af753b0c82 -> 200 (26.35ms)
2026-04-09 13:50:07,656 | INFO | uvicorn.access | 127.0.0.1:62710 - "GET /api/v1/video-tasks/subtasks/by-account/counts?account_id=92a43fbb-08df-4401-81b7-c6af753b0c82 HTTP/1.1" 200
2026-04-09 13:50:07,660 | INFO | app | [4045da6c] GET /api/v1/video-tasks/subtasks/by-account?account_id=92a43fbb-08df-4401-81b7-c6af753b0c82&page=1&page_size=20&status=publishing -> 200 (30.57ms)
2026-04-09 13:50:07,660 | INFO | uvicorn.access | 127.0.0.1:62709 - "GET /api/v1/video-tasks/subtasks/by-account?account_id=92a43fbb-08df-4401-81b7-c6af753b0c82&page=1&page_size=20&status=publishing HTTP/1.1" 200
2026-04-09 13:50:11,176 | INFO | app | [248b6663] GET /api/v1/video-tasks/subtasks/by-account/counts?account_id=92a43fbb-08df-4401-81b7-c6af753b0c82 -> 200 (26.68ms)
2026-04-09 13:50:11,177 | INFO | uvicorn.access | 127.0.0.1:62710 - "GET /api/v1/video-tasks/subtasks/by-account/counts?account_id=92a43fbb-08df-4401-81b7-c6af753b0c82 HTTP/1.1" 200
2026-04-09 13:50:11,212 | INFO | app | [6bf4418e] GET /api/v1/video-tasks/subtasks/by-account?account_id=92a43fbb-08df-4401-81b7-c6af753b0c82&page=1&page_size=20&status=queued -> 200 (63.28ms)
2026-04-09 13:50:11,212 | INFO | uvicorn.access | 127.0.0.1:62709 - "GET /api/v1/video-tasks/subtasks/by-account?account_id=92a43fbb-08df-4401-81b7-c6af753b0c82&page=1&page_size=20&status=queued HTTP/1.1" 200
2026-04-09 13:50:32,413 | INFO | app | [f85318dd] GET /api/v1/video-tasks/subtasks/by-account/counts?account_id=92a43fbb-08df-4401-81b7-c6af753b0c82 -> 200 (33.93ms)
2026-04-09 13:50:32,414 | INFO | uvicorn.access | 127.0.0.1:62847 - "GET /api/v1/video-tasks/subtasks/by-account/counts?account_id=92a43fbb-08df-4401-81b7-c6af753b0c82 HTTP/1.1" 200
2026-04-09 13:50:32,416 | INFO | app | [2ed44b28] GET /api/v1/video-tasks/subtasks/by-account?account_id=92a43fbb-08df-4401-81b7-c6af753b0c82&page=1&page_size=20&status=publishing -> 200 (42.26ms)
2026-04-09 13:50:32,416 | INFO | uvicorn.access | 127.0.0.1:62846 - "GET /api/v1/video-tasks/subtasks/by-account?account_id=92a43fbb-08df-4401-81b7-c6af753b0c82&page=1&page_size=20&status=publishing HTTP/1.1" 200
2026-04-09 13:50:32,909 | INFO | app | [6572ce24] GET /api/v1/video-tasks/subtasks/by-account/counts?account_id=92a43fbb-08df-4401-81b7-c6af753b0c82 -> 200 (21.07ms)
2026-04-09 13:50:32,909 | INFO | uvicorn.access | 127.0.0.1:62847 - "GET /api/v1/video-tasks/subtasks/by-account/counts?account_id=92a43fbb-08df-4401-81b7-c6af753b0c82 HTTP/1.1" 200
2026-04-09 13:50:32,915 | INFO | app | [155eb6f4] GET /api/v1/video-tasks/subtasks/by-account?account_id=92a43fbb-08df-4401-81b7-c6af753b0c82&page=1&page_size=20&status=queued -> 200 (28.42ms)
2026-04-09 13:50:32,915 | INFO | uvicorn.access | 127.0.0.1:62846 - "GET /api/v1/video-tasks/subtasks/by-account?account_id=92a43fbb-08df-4401-81b7-c6af753b0c82&page=1&page_size=20&status=queued HTTP/1.1" 200
2026-04-09 13:50:35,603 | INFO | app | [838010dd] GET /api/v1/video-tasks/subtasks/by-account/counts?account_id=92a43fbb-08df-4401-81b7-c6af753b0c82 -> 200 (13.53ms)
2026-04-09 13:50:35,604 | INFO | uvicorn.access | 127.0.0.1:62847 - "GET /api/v1/video-tasks/subtasks/by-account/counts?account_id=92a43fbb-08df-4401-81b7-c6af753b0c82 HTTP/1.1" 200
2026-04-09 13:50:35,610 | INFO | app | [2f692664] GET /api/v1/video-tasks/subtasks/by-account?account_id=92a43fbb-08df-4401-81b7-c6af753b0c82&page=1&page_size=20&status=pending_publish -> 200 (22.59ms)
2026-04-09 13:50:35,610 | INFO | uvicorn.access | 127.0.0.1:62846 - "GET /api/v1/video-tasks/subtasks/by-account?account_id=92a43fbb-08df-4401-81b7-c6af753b0c82&page=1&page_size=20&status=pending_publish HTTP/1.1" 200
2026-04-09 13:50:35,968 | INFO | app | [8d268193] GET /api/v1/video-tasks/subtasks/by-account/counts?account_id=92a43fbb-08df-4401-81b7-c6af753b0c82 -> 200 (12.18ms)
2026-04-09 13:50:35,968 | INFO | uvicorn.access | 127.0.0.1:62847 - "GET /api/v1/video-tasks/subtasks/by-account/counts?account_id=92a43fbb-08df-4401-81b7-c6af753b0c82 HTTP/1.1" 200
2026-04-09 13:50:35,977 | INFO | app | [06a6b1a6] GET /api/v1/video-tasks/subtasks/by-account?account_id=92a43fbb-08df-4401-81b7-c6af753b0c82&page=1&page_size=20&status=queued -> 200 (24.79ms)
2026-04-09 13:50:35,978 | INFO | uvicorn.access | 127.0.0.1:62846 - "GET /api/v1/video-tasks/subtasks/by-account?account_id=92a43fbb-08df-4401-81b7-c6af753b0c82&page=1&page_size=20&status=queued HTTP/1.1" 200
2026-04-09 13:50:36,345 | INFO | app | [f63f5cc9] GET /api/v1/video-tasks/subtasks/by-account/counts?account_id=92a43fbb-08df-4401-81b7-c6af753b0c82 -> 200 (24.22ms)
2026-04-09 13:50:36,345 | INFO | uvicorn.access | 127.0.0.1:62847 - "GET /api/v1/video-tasks/subtasks/by-account/counts?account_id=92a43fbb-08df-4401-81b7-c6af753b0c82 HTTP/1.1" 200
2026-04-09 13:50:36,347 | INFO | app | [ede3fc79] GET /api/v1/video-tasks/subtasks/by-account?account_id=92a43fbb-08df-4401-81b7-c6af753b0c82&page=1&page_size=20&status=pending_publish -> 200 (26.52ms)
2026-04-09 13:50:36,347 | INFO | uvicorn.access | 127.0.0.1:62846 - "GET /api/v1/video-tasks/subtasks/by-account?account_id=92a43fbb-08df-4401-81b7-c6af753b0c82&page=1&page_size=20&status=pending_publish HTTP/1.1" 200
2026-04-09 13:50:36,677 | INFO | app | [825147f2] GET /api/v1/video-tasks/subtasks/by-account/counts?account_id=92a43fbb-08df-4401-81b7-c6af753b0c82 -> 200 (16.62ms)
2026-04-09 13:50:36,677 | INFO | uvicorn.access | 127.0.0.1:62847 - "GET /api/v1/video-tasks/subtasks/by-account/counts?account_id=92a43fbb-08df-4401-81b7-c6af753b0c82 HTTP/1.1" 200
2026-04-09 13:50:36,685 | INFO | app | [48bcdfb6] GET /api/v1/video-tasks/subtasks/by-account?account_id=92a43fbb-08df-4401-81b7-c6af753b0c82&page=1&page_size=20&status=queued -> 200 (24.88ms)
2026-04-09 13:50:36,685 | INFO | uvicorn.access | 127.0.0.1:62846 - "GET /api/v1/video-tasks/subtasks/by-account?account_id=92a43fbb-08df-4401-81b7-c6af753b0c82&page=1&page_size=20&status=queued HTTP/1.1" 200
2026-04-09 13:50:37,026 | INFO | app | [5099996d] GET /api/v1/video-tasks/subtasks/by-account/counts?account_id=92a43fbb-08df-4401-81b7-c6af753b0c82 -> 200 (8.81ms)
2026-04-09 13:50:37,026 | INFO | uvicorn.access | 127.0.0.1:62847 - "GET /api/v1/video-tasks/subtasks/by-account/counts?account_id=92a43fbb-08df-4401-81b7-c6af753b0c82 HTTP/1.1" 200
2026-04-09 13:50:37,027 | INFO | app | [83bc0dde] GET /api/v1/video-tasks/subtasks/by-account?account_id=92a43fbb-08df-4401-81b7-c6af753b0c82&page=1&page_size=20&status=pending_publish -> 200 (12.66ms)
2026-04-09 13:50:37,027 | INFO | uvicorn.access | 127.0.0.1:62846 - "GET /api/v1/video-tasks/subtasks/by-account?account_id=92a43fbb-08df-4401-81b7-c6af753b0c82&page=1&page_size=20&status=pending_publish HTTP/1.1" 200
2026-04-09 13:50:37,678 | INFO | app | [5bc47bb5] GET /api/v1/video-tasks/subtasks/by-account/counts?account_id=92a43fbb-08df-4401-81b7-c6af753b0c82 -> 200 (15.59ms)
2026-04-09 13:50:37,678 | INFO | uvicorn.access | 127.0.0.1:62847 - "GET /api/v1/video-tasks/subtasks/by-account/counts?account_id=92a43fbb-08df-4401-81b7-c6af753b0c82 HTTP/1.1" 200
2026-04-09 13:50:37,680 | INFO | app | [4ac0b585] GET /api/v1/video-tasks/subtasks/by-account?account_id=92a43fbb-08df-4401-81b7-c6af753b0c82&page=1&page_size=20&status=publishing -> 200 (18.50ms)
2026-04-09 13:50:37,680 | INFO | uvicorn.access | 127.0.0.1:62846 - "GET /api/v1/video-tasks/subtasks/by-account?account_id=92a43fbb-08df-4401-81b7-c6af753b0c82&page=1&page_size=20&status=publishing HTTP/1.1" 200
2026-04-09 13:50:38,005 | INFO | app | [3fcaae83] OPTIONS /api/v1/video-tasks/subtasks/by-account?account_id=92a43fbb-08df-4401-81b7-c6af753b0c82&page=1&page_size=20&status=publish_failed -> 200 (0.85ms)
2026-04-09 13:50:38,005 | INFO | uvicorn.access | 127.0.0.1:62846 - "OPTIONS /api/v1/video-tasks/subtasks/by-account?account_id=92a43fbb-08df-4401-81b7-c6af753b0c82&page=1&page_size=20&status=publish_failed HTTP/1.1" 200
2026-04-09 13:50:38,014 | INFO | app | [7fe390ac] GET /api/v1/video-tasks/subtasks/by-account/counts?account_id=92a43fbb-08df-4401-81b7-c6af753b0c82 -> 200 (9.69ms)
2026-04-09 13:50:38,014 | INFO | uvicorn.access | 127.0.0.1:62847 - "GET /api/v1/video-tasks/subtasks/by-account/counts?account_id=92a43fbb-08df-4401-81b7-c6af753b0c82 HTTP/1.1" 200
2026-04-09 13:50:38,016 | INFO | app | [7ebfc0eb] GET /api/v1/video-tasks/subtasks/by-account?account_id=92a43fbb-08df-4401-81b7-c6af753b0c82&page=1&page_size=20&status=publish_failed -> 200 (8.49ms)
2026-04-09 13:50:38,016 | INFO | uvicorn.access | 127.0.0.1:62846 - "GET /api/v1/video-tasks/subtasks/by-account?account_id=92a43fbb-08df-4401-81b7-c6af753b0c82&page=1&page_size=20&status=publish_failed HTTP/1.1" 200
2026-04-09 13:50:38,352 | INFO | app | [3ed4a243] OPTIONS /api/v1/video-tasks/subtasks/by-account?account_id=92a43fbb-08df-4401-81b7-c6af753b0c82&page=1&page_size=20&status=published -> 200 (0.81ms)
2026-04-09 13:50:38,352 | INFO | uvicorn.access | 127.0.0.1:62846 - "OPTIONS /api/v1/video-tasks/subtasks/by-account?account_id=92a43fbb-08df-4401-81b7-c6af753b0c82&page=1&page_size=20&status=published HTTP/1.1" 200
2026-04-09 13:50:38,360 | INFO | app | [6360e942] GET /api/v1/video-tasks/subtasks/by-account/counts?account_id=92a43fbb-08df-4401-81b7-c6af753b0c82 -> 200 (8.76ms)
2026-04-09 13:50:38,360 | INFO | uvicorn.access | 127.0.0.1:62847 - "GET /api/v1/video-tasks/subtasks/by-account/counts?account_id=92a43fbb-08df-4401-81b7-c6af753b0c82 HTTP/1.1" 200
2026-04-09 13:50:38,361 | INFO | app | [0be686f2] GET /api/v1/video-tasks/subtasks/by-account?account_id=92a43fbb-08df-4401-81b7-c6af753b0c82&page=1&page_size=20&status=published -> 200 (6.57ms)
2026-04-09 13:50:38,361 | INFO | uvicorn.access | 127.0.0.1:62846 - "GET /api/v1/video-tasks/subtasks/by-account?account_id=92a43fbb-08df-4401-81b7-c6af753b0c82&page=1&page_size=20&status=published HTTP/1.1" 200
2026-04-09 13:50:38,722 | INFO | app | [75f8e965] GET /api/v1/video-tasks/subtasks/by-account/counts?account_id=92a43fbb-08df-4401-81b7-c6af753b0c82 -> 200 (11.35ms)
2026-04-09 13:50:38,722 | INFO | uvicorn.access | 127.0.0.1:62847 - "GET /api/v1/video-tasks/subtasks/by-account/counts?account_id=92a43fbb-08df-4401-81b7-c6af753b0c82 HTTP/1.1" 200
2026-04-09 13:50:38,723 | INFO | app | [f95d69f0] GET /api/v1/video-tasks/subtasks/by-account?account_id=92a43fbb-08df-4401-81b7-c6af753b0c82&page=1&page_size=20&status=publish_failed -> 200 (12.44ms)
2026-04-09 13:50:38,723 | INFO | uvicorn.access | 127.0.0.1:62846 - "GET /api/v1/video-tasks/subtasks/by-account?account_id=92a43fbb-08df-4401-81b7-c6af753b0c82&page=1&page_size=20&status=publish_failed HTTP/1.1" 200
2026-04-09 13:50:39,090 | INFO | app | [150b2bc4] GET /api/v1/video-tasks/subtasks/by-account/counts?account_id=92a43fbb-08df-4401-81b7-c6af753b0c82 -> 200 (11.28ms)
2026-04-09 13:50:39,091 | INFO | uvicorn.access | 127.0.0.1:62847 - "GET /api/v1/video-tasks/subtasks/by-account/counts?account_id=92a43fbb-08df-4401-81b7-c6af753b0c82 HTTP/1.1" 200
2026-04-09 13:50:39,091 | INFO | app | [778ed4b0] GET /api/v1/video-tasks/subtasks/by-account?account_id=92a43fbb-08df-4401-81b7-c6af753b0c82&page=1&page_size=20&status=publishing -> 200 (12.58ms)
2026-04-09 13:50:39,092 | INFO | uvicorn.access | 127.0.0.1:62846 - "GET /api/v1/video-tasks/subtasks/by-account?account_id=92a43fbb-08df-4401-81b7-c6af753b0c82&page=1&page_size=20&status=publishing HTTP/1.1" 200
2026-04-09 13:50:40,368 | INFO | app | [9808121b] GET /api/v1/video-tasks/subtasks/by-account/counts?account_id=92a43fbb-08df-4401-81b7-c6af753b0c82 -> 200 (20.06ms)
2026-04-09 13:50:40,369 | INFO | uvicorn.access | 127.0.0.1:62847 - "GET /api/v1/video-tasks/subtasks/by-account/counts?account_id=92a43fbb-08df-4401-81b7-c6af753b0c82 HTTP/1.1" 200
2026-04-09 13:50:40,375 | INFO | app | [9121b0a4] GET /api/v1/video-tasks/subtasks/by-account?account_id=92a43fbb-08df-4401-81b7-c6af753b0c82&page=1&page_size=20&status=queued -> 200 (26.83ms)
2026-04-09 13:50:40,375 | INFO | uvicorn.access | 127.0.0.1:62846 - "GET /api/v1/video-tasks/subtasks/by-account?account_id=92a43fbb-08df-4401-81b7-c6af753b0c82&page=1&page_size=20&status=queued HTTP/1.1" 200
2026-04-09 13:50:41,160 | INFO | app | [9cbc75fe] GET /api/v1/video-tasks/subtasks/by-account/counts?account_id=92a43fbb-08df-4401-81b7-c6af753b0c82 -> 200 (23.75ms)
2026-04-09 13:50:41,160 | INFO | uvicorn.access | 127.0.0.1:62847 - "GET /api/v1/video-tasks/subtasks/by-account/counts?account_id=92a43fbb-08df-4401-81b7-c6af753b0c82 HTTP/1.1" 200
2026-04-09 13:50:41,160 | INFO | app | [450eb7af] GET /api/v1/video-tasks/subtasks/by-account?account_id=92a43fbb-08df-4401-81b7-c6af753b0c82&page=1&page_size=20&status=publishing -> 200 (24.85ms)
2026-04-09 13:50:41,160 | INFO | uvicorn.access | 127.0.0.1:62846 - "GET /api/v1/video-tasks/subtasks/by-account?account_id=92a43fbb-08df-4401-81b7-c6af753b0c82&page=1&page_size=20&status=publishing HTTP/1.1" 200
2026-04-09 13:50:51,020 | INFO | app | [59c9c68e] GET /api/v1/video-tasks/subtasks/by-account/counts?account_id=92a43fbb-08df-4401-81b7-c6af753b0c82 -> 200 (10.59ms)
2026-04-09 13:50:51,022 | INFO | uvicorn.access | 127.0.0.1:62938 - "GET /api/v1/video-tasks/subtasks/by-account/counts?account_id=92a43fbb-08df-4401-81b7-c6af753b0c82 HTTP/1.1" 200
2026-04-09 13:50:51,028 | INFO | app | [8589e365] GET /api/v1/video-tasks/subtasks/by-account?account_id=92a43fbb-08df-4401-81b7-c6af753b0c82&page=1&page_size=20&status=queued -> 200 (19.64ms)
2026-04-09 13:50:51,028 | INFO | uvicorn.access | 127.0.0.1:62937 - "GET /api/v1/video-tasks/subtasks/by-account?account_id=92a43fbb-08df-4401-81b7-c6af753b0c82&page=1&page_size=20&status=queued HTTP/1.1" 200
2026-04-09 13:51:09,925 | INFO | app | [f0ca2b68] GET /api/v1/video-tasks/subtasks/by-account/counts?account_id=92a43fbb-08df-4401-81b7-c6af753b0c82 -> 200 (24.67ms)
2026-04-09 13:51:09,925 | INFO | uvicorn.access | 127.0.0.1:63020 - "GET /api/v1/video-tasks/subtasks/by-account/counts?account_id=92a43fbb-08df-4401-81b7-c6af753b0c82 HTTP/1.1" 200
2026-04-09 13:51:09,926 | INFO | app | [ae76219b] GET /api/v1/video-tasks/subtasks/by-account?account_id=92a43fbb-08df-4401-81b7-c6af753b0c82&page=1&page_size=20&status=publishing -> 200 (35.93ms)
2026-04-09 13:51:09,926 | INFO | uvicorn.access | 127.0.0.1:63019 - "GET /api/v1/video-tasks/subtasks/by-account?account_id=92a43fbb-08df-4401-81b7-c6af753b0c82&page=1&page_size=20&status=publishing HTTP/1.1" 200
2026-04-09 13:51:11,078 | INFO | app | [99a0ef72] GET /api/v1/video-tasks/subtasks/by-account/counts?account_id=92a43fbb-08df-4401-81b7-c6af753b0c82 -> 200 (19.00ms)
2026-04-09 13:51:11,078 | INFO | uvicorn.access | 127.0.0.1:63020 - "GET /api/v1/video-tasks/subtasks/by-account/counts?account_id=92a43fbb-08df-4401-81b7-c6af753b0c82 HTTP/1.1" 200
2026-04-09 13:51:11,082 | INFO | app | [be6c7f6d] GET /api/v1/video-tasks/subtasks/by-account?account_id=92a43fbb-08df-4401-81b7-c6af753b0c82&page=1&page_size=20&status=queued -> 200 (24.11ms)
2026-04-09 13:51:11,082 | INFO | uvicorn.access | 127.0.0.1:63019 - "GET /api/v1/video-tasks/subtasks/by-account?account_id=92a43fbb-08df-4401-81b7-c6af753b0c82&page=1&page_size=20&status=queued HTTP/1.1" 200
2026-04-09 13:51:11,917 | INFO | app | [ad0bd2d6] GET /api/v1/video-tasks/subtasks/by-account/counts?account_id=92a43fbb-08df-4401-81b7-c6af753b0c82 -> 200 (11.16ms)
2026-04-09 13:51:11,917 | INFO | uvicorn.access | 127.0.0.1:63020 - "GET /api/v1/video-tasks/subtasks/by-account/counts?account_id=92a43fbb-08df-4401-81b7-c6af753b0c82 HTTP/1.1" 200
2026-04-09 13:51:11,918 | INFO | app | [f4010330] GET /api/v1/video-tasks/subtasks/by-account?account_id=92a43fbb-08df-4401-81b7-c6af753b0c82&page=1&page_size=20&status=publishing -> 200 (12.23ms)
2026-04-09 13:51:11,918 | INFO | uvicorn.access | 127.0.0.1:63019 - "GET /api/v1/video-tasks/subtasks/by-account?account_id=92a43fbb-08df-4401-81b7-c6af753b0c82&page=1&page_size=20&status=publishing HTTP/1.1" 200
2026-04-09 13:51:12,512 | INFO | app | [2106c934] GET /api/v1/video-tasks/subtasks/by-account/counts?account_id=92a43fbb-08df-4401-81b7-c6af753b0c82 -> 200 (10.57ms)
2026-04-09 13:51:12,512 | INFO | uvicorn.access | 127.0.0.1:63020 - "GET /api/v1/video-tasks/subtasks/by-account/counts?account_id=92a43fbb-08df-4401-81b7-c6af753b0c82 HTTP/1.1" 200
2026-04-09 13:51:12,519 | INFO | app | [68e1d8ad] GET /api/v1/video-tasks/subtasks/by-account?account_id=92a43fbb-08df-4401-81b7-c6af753b0c82&page=1&page_size=20&status=queued -> 200 (19.00ms)
2026-04-09 13:51:12,519 | INFO | uvicorn.access | 127.0.0.1:63019 - "GET /api/v1/video-tasks/subtasks/by-account?account_id=92a43fbb-08df-4401-81b7-c6af753b0c82&page=1&page_size=20&status=queued HTTP/1.1" 200
2026-04-09 13:51:13,105 | INFO | app | [2b1a40bf] GET /api/v1/video-tasks/subtasks/by-account/counts?account_id=92a43fbb-08df-4401-81b7-c6af753b0c82 -> 200 (12.02ms)
2026-04-09 13:51:13,105 | INFO | uvicorn.access | 127.0.0.1:63020 - "GET /api/v1/video-tasks/subtasks/by-account/counts?account_id=92a43fbb-08df-4401-81b7-c6af753b0c82 HTTP/1.1" 200
2026-04-09 13:51:13,106 | INFO | app | [679bbe98] GET /api/v1/video-tasks/subtasks/by-account?account_id=92a43fbb-08df-4401-81b7-c6af753b0c82&page=1&page_size=20&status=publishing -> 200 (13.82ms)
2026-04-09 13:51:13,106 | INFO | uvicorn.access | 127.0.0.1:63019 - "GET /api/v1/video-tasks/subtasks/by-account?account_id=92a43fbb-08df-4401-81b7-c6af753b0c82&page=1&page_size=20&status=publishing HTTP/1.1" 200
2026-04-09 13:51:14,750 | INFO | app | [07b5d4b1] GET /api/v1/video-tasks/subtasks/by-account/counts?account_id=92a43fbb-08df-4401-81b7-c6af753b0c82 -> 200 (19.64ms)
2026-04-09 13:51:14,751 | INFO | uvicorn.access | 127.0.0.1:63020 - "GET /api/v1/video-tasks/subtasks/by-account/counts?account_id=92a43fbb-08df-4401-81b7-c6af753b0c82 HTTP/1.1" 200
2026-04-09 13:51:14,756 | INFO | app | [e00eb672] GET /api/v1/video-tasks/subtasks/by-account?account_id=92a43fbb-08df-4401-81b7-c6af753b0c82&page=1&page_size=20&status=queued -> 200 (27.35ms)
2026-04-09 13:51:14,756 | INFO | uvicorn.access | 127.0.0.1:63019 - "GET /api/v1/video-tasks/subtasks/by-account?account_id=92a43fbb-08df-4401-81b7-c6af753b0c82&page=1&page_size=20&status=queued HTTP/1.1" 200
2026-04-09 13:51:17,188 | INFO | app | [c7795747] GET /api/v1/video-tasks/subtasks/by-account/counts?account_id=92a43fbb-08df-4401-81b7-c6af753b0c82 -> 200 (41.23ms)
2026-04-09 13:51:17,190 | INFO | uvicorn.access | 127.0.0.1:63020 - "GET /api/v1/video-tasks/subtasks/by-account/counts?account_id=92a43fbb-08df-4401-81b7-c6af753b0c82 HTTP/1.1" 200
2026-04-09 13:51:17,190 | INFO | app | [0e8c275c] GET /api/v1/video-tasks/subtasks/by-account?account_id=92a43fbb-08df-4401-81b7-c6af753b0c82&page=1&page_size=20&status=publishing -> 200 (44.70ms)
2026-04-09 13:51:17,191 | INFO | uvicorn.access | 127.0.0.1:63019 - "GET /api/v1/video-tasks/subtasks/by-account?account_id=92a43fbb-08df-4401-81b7-c6af753b0c82&page=1&page_size=20&status=publishing HTTP/1.1" 200
2026-04-09 13:51:23,612 | INFO | app | [7f260c28] GET /api/v1/video-tasks/subtasks/by-account/counts?account_id=92a43fbb-08df-4401-81b7-c6af753b0c82 -> 200 (16.33ms)
2026-04-09 13:51:23,613 | INFO | uvicorn.access | 127.0.0.1:63115 - "GET /api/v1/video-tasks/subtasks/by-account/counts?account_id=92a43fbb-08df-4401-81b7-c6af753b0c82 HTTP/1.1" 200
2026-04-09 13:51:23,620 | INFO | app | [4c49c582] GET /api/v1/video-tasks/subtasks/by-account?account_id=92a43fbb-08df-4401-81b7-c6af753b0c82&page=1&page_size=20&status=queued -> 200 (24.63ms)
2026-04-09 13:51:23,620 | INFO | uvicorn.access | 127.0.0.1:63114 - "GET /api/v1/video-tasks/subtasks/by-account?account_id=92a43fbb-08df-4401-81b7-c6af753b0c82&page=1&page_size=20&status=queued HTTP/1.1" 200
2026-04-09 13:51:46,253 | INFO | app | [8ba94ea8] GET /api/v1/video-tasks/subtasks/by-account/counts?account_id=92a43fbb-08df-4401-81b7-c6af753b0c82 -> 200 (22.05ms)
2026-04-09 13:51:46,254 | INFO | uvicorn.access | 127.0.0.1:63219 - "GET /api/v1/video-tasks/subtasks/by-account/counts?account_id=92a43fbb-08df-4401-81b7-c6af753b0c82 HTTP/1.1" 200
2026-04-09 13:51:46,256 | INFO | app | [7def4cb7] GET /api/v1/video-tasks/subtasks/by-account?account_id=92a43fbb-08df-4401-81b7-c6af753b0c82&page=1&page_size=20&status=published -> 200 (30.39ms)
2026-04-09 13:51:46,257 | INFO | uvicorn.access | 127.0.0.1:63217 - "GET /api/v1/video-tasks/subtasks/by-account?account_id=92a43fbb-08df-4401-81b7-c6af753b0c82&page=1&page_size=20&status=published HTTP/1.1" 200
2026-04-09 13:52:26,679 | INFO | app | [597f0b25] OPTIONS /api/v1/auth/profile -> 200 (62.54ms)
2026-04-09 13:52:26,682 | INFO | uvicorn.access | 127.0.0.1:63450 - "OPTIONS /api/v1/auth/profile HTTP/1.1" 200
2026-04-09 13:52:27,062 | INFO | app | [42b5df79] GET /api/v1/auth/profile -> 200 (349.68ms)
2026-04-09 13:52:27,062 | INFO | uvicorn.access | 127.0.0.1:63450 - "GET /api/v1/auth/profile HTTP/1.1" 200
2026-04-09 13:52:27,068 | INFO | app | [13f24f07] GET /api/v1/accounts/92a43fbb-08df-4401-81b7-c6af753b0c82 -> 200 (402.09ms)
2026-04-09 13:52:27,068 | INFO | uvicorn.access | 127.0.0.1:63451 - "GET /api/v1/accounts/92a43fbb-08df-4401-81b7-c6af753b0c82 HTTP/1.1" 200
2026-04-09 13:52:27,116 | INFO | app | [b3a9f066] GET /api/v1/video-tasks/subtasks/by-account/counts?account_id=92a43fbb-08df-4401-81b7-c6af753b0c82 -> 200 (26.07ms)
2026-04-09 13:52:27,116 | INFO | uvicorn.access | 127.0.0.1:63450 - "GET /api/v1/video-tasks/subtasks/by-account/counts?account_id=92a43fbb-08df-4401-81b7-c6af753b0c82 HTTP/1.1" 200
2026-04-09 13:52:27,121 | INFO | app | [26a73d31] GET /api/v1/video-tasks/subtasks/by-account?account_id=92a43fbb-08df-4401-81b7-c6af753b0c82&page=1&page_size=20&status=pending_publish -> 200 (31.24ms)
2026-04-09 13:52:27,121 | INFO | uvicorn.access | 127.0.0.1:63451 - "GET /api/v1/video-tasks/subtasks/by-account?account_id=92a43fbb-08df-4401-81b7-c6af753b0c82&page=1&page_size=20&status=pending_publish HTTP/1.1" 200
2026-04-09 14:21:50,435 | INFO | uvicorn.error | Shutting down
2026-04-09 14:21:50,548 | INFO | uvicorn.error | Waiting for application shutdown.
2026-04-09 14:21:50,576 | INFO | app.video_ai | Video AI queue processor stopped
2026-04-09 14:21:50,578 | INFO | app.ai_account | AI account queue processor stopped
2026-04-09 14:21:50,580 | INFO | app.video_publication_service | Video publication poller stopped
2026-04-09 14:21:50,580 | INFO | app.publication_metrics_scheduler | 【指标同步调度器】已停止
2026-04-09 14:21:50,580 | INFO | app.account_publish_scheduler | 【定时发布调度器】已停止
2026-04-09 14:21:50,581 | INFO | app.candidate_scheduler | 【候选库调度器】已停止
2026-04-09 14:21:50,585 | INFO | uvicorn.error | Application shutdown complete.
2026-04-09 14:21:50,588 | INFO | uvicorn.error | Finished server process [45103]
2026-04-09 14:21:53,666 | INFO | uvicorn.error | Started server process [65724]
2026-04-09 14:21:53,667 | INFO | uvicorn.error | Waiting for application startup.
2026-04-09 14:21:53,667 | INFO | app | Starting API with env=development db=postgresql+asyncpg://postgres:postgres@localhost:5432/task_manager
2026-04-09 14:21:53,781 | INFO | app.video_ai | Video AI queue processor started
2026-04-09 14:21:53,781 | INFO | app.ai_account | AI account queue processor started
2026-04-09 14:21:53,825 | INFO | app.video_publication_service | Video publication poller started
2026-04-09 14:21:53,825 | INFO | app.publication_metrics_scheduler | 【指标同步调度器】已启动
2026-04-09 14:21:53,825 | INFO | app.account_publish_scheduler | 【定时发布调度器】已启动，轮询间隔 60 秒
2026-04-09 14:21:53,825 | INFO | app.candidate_scheduler | 【候选库调度器】已启动
2026-04-09 14:21:53,837 | INFO | app.topics | No stuck keyword gen tasks found on startup
2026-04-09 14:21:53,918 | INFO | app.candidate_scheduler | 【候选库调度器】预填 _fired 完成，共 0 条
2026-04-09 14:21:53,951 | INFO | app.video_ai | No stuck video AI templates found on startup
2026-04-09 14:21:53,973 | INFO | app.video_source | No stuck video downloads found on startup
2026-04-09 14:21:54,011 | INFO | app.services.candidate_service | 【导入恢复】无中断的导入任务
2026-04-09 14:21:54,042 | INFO | app.services.candidate_service | 【全量审核】启动恢复：无中断的 AI 审核任务
2026-04-09 14:21:54,043 | INFO | uvicorn.error | Application startup complete.
2026-04-09 14:22:07,286 | INFO | uvicorn.error | Shutting down
2026-04-09 14:22:07,400 | INFO | uvicorn.error | Waiting for application shutdown.
2026-04-09 14:22:07,416 | INFO | app.video_ai | Video AI queue processor stopped
2026-04-09 14:22:07,422 | INFO | app.ai_account | AI account queue processor stopped
2026-04-09 14:22:07,424 | INFO | app.video_publication_service | Video publication poller stopped
2026-04-09 14:22:07,425 | INFO | app.publication_metrics_scheduler | 【指标同步调度器】已停止
2026-04-09 14:22:07,426 | INFO | app.account_publish_scheduler | 【定时发布调度器】已停止
2026-04-09 14:22:07,427 | INFO | app.candidate_scheduler | 【候选库调度器】已停止
2026-04-09 14:22:07,428 | INFO | uvicorn.error | Application shutdown complete.
2026-04-09 14:22:07,429 | INFO | uvicorn.error | Finished server process [65724]
2026-04-09 14:22:09,764 | INFO | uvicorn.error | Started server process [65878]
2026-04-09 14:22:09,764 | INFO | uvicorn.error | Waiting for application startup.
2026-04-09 14:22:09,764 | INFO | app | Starting API with env=development db=postgresql+asyncpg://postgres:postgres@localhost:5432/task_manager
2026-04-09 14:22:09,892 | INFO | app.video_ai | Video AI queue processor started
2026-04-09 14:22:09,892 | INFO | app.ai_account | AI account queue processor started
2026-04-09 14:22:09,899 | INFO | app.video_publication_service | Video publication poller started
2026-04-09 14:22:09,899 | INFO | app.publication_metrics_scheduler | 【指标同步调度器】已启动
2026-04-09 14:22:09,899 | INFO | app.account_publish_scheduler | 【定时发布调度器】已启动，轮询间隔 60 秒
2026-04-09 14:22:09,899 | INFO | app.candidate_scheduler | 【候选库调度器】已启动
2026-04-09 14:22:09,933 | INFO | app.topics | No stuck keyword gen tasks found on startup
2026-04-09 14:22:10,021 | INFO | app.candidate_scheduler | 【候选库调度器】预填 _fired 完成，共 0 条
2026-04-09 14:22:10,034 | INFO | app.video_ai | No stuck video AI templates found on startup
2026-04-09 14:22:10,047 | INFO | app.video_source | No stuck video downloads found on startup
2026-04-09 14:22:10,095 | INFO | app.services.candidate_service | 【导入恢复】无中断的导入任务
2026-04-09 14:22:10,142 | INFO | app.services.candidate_service | 【全量审核】启动恢复：无中断的 AI 审核任务
2026-04-09 14:22:10,142 | INFO | uvicorn.error | Application startup complete.
2026-04-09 14:22:58,541 | INFO | uvicorn.error | Shutting down
2026-04-09 14:22:58,645 | INFO | uvicorn.error | Waiting for application shutdown.
2026-04-09 14:22:58,657 | INFO | app.video_ai | Video AI queue processor stopped
2026-04-09 14:22:58,657 | INFO | app.ai_account | AI account queue processor stopped
2026-04-09 14:22:58,658 | INFO | app.video_publication_service | Video publication poller stopped
2026-04-09 14:22:58,658 | INFO | app.publication_metrics_scheduler | 【指标同步调度器】已停止
2026-04-09 14:22:58,658 | INFO | app.account_publish_scheduler | 【定时发布调度器】已停止
2026-04-09 14:22:58,659 | INFO | app.candidate_scheduler | 【候选库调度器】已停止
2026-04-09 14:22:58,659 | INFO | uvicorn.error | Application shutdown complete.
2026-04-09 14:22:58,659 | INFO | uvicorn.error | Finished server process [65878]
2026-04-09 14:23:00,519 | INFO | uvicorn.error | Started server process [66307]
2026-04-09 14:23:00,519 | INFO | uvicorn.error | Waiting for application startup.
2026-04-09 14:23:00,519 | INFO | app | Starting API with env=development db=postgresql+asyncpg://postgres:postgres@localhost:5432/task_manager
2026-04-09 14:23:00,615 | INFO | app.video_ai | Video AI queue processor started
2026-04-09 14:23:00,615 | INFO | app.ai_account | AI account queue processor started
2026-04-09 14:23:00,623 | INFO | app.video_publication_service | Video publication poller started
2026-04-09 14:23:00,623 | INFO | app.publication_metrics_scheduler | 【指标同步调度器】已启动
2026-04-09 14:23:00,623 | INFO | app.account_publish_scheduler | 【定时发布调度器】已启动，轮询间隔 60 秒
2026-04-09 14:23:00,624 | INFO | app.candidate_scheduler | 【候选库调度器】已启动
2026-04-09 14:23:00,629 | INFO | app.topics | No stuck keyword gen tasks found on startup
2026-04-09 14:23:00,709 | INFO | app.video_ai | No stuck video AI templates found on startup
2026-04-09 14:23:00,709 | INFO | app.candidate_scheduler | 【候选库调度器】预填 _fired 完成，共 0 条
2026-04-09 14:23:00,715 | INFO | app.video_source | No stuck video downloads found on startup
2026-04-09 14:23:00,725 | INFO | app.services.candidate_service | 【导入恢复】无中断的导入任务
2026-04-09 14:23:00,747 | INFO | app.services.candidate_service | 【全量审核】启动恢复：无中断的 AI 审核任务
2026-04-09 14:23:00,747 | INFO | uvicorn.error | Application startup complete.
2026-04-09 14:23:05,594 | INFO | uvicorn.error | Shutting down
2026-04-09 14:23:05,700 | INFO | uvicorn.error | Waiting for application shutdown.
2026-04-09 14:23:05,702 | INFO | app.video_ai | Video AI queue processor stopped
2026-04-09 14:23:05,702 | INFO | app.ai_account | AI account queue processor stopped
2026-04-09 14:23:05,702 | INFO | app.video_publication_service | Video publication poller stopped
2026-04-09 14:23:05,702 | INFO | app.publication_metrics_scheduler | 【指标同步调度器】已停止
2026-04-09 14:23:05,703 | INFO | app.account_publish_scheduler | 【定时发布调度器】已停止
2026-04-09 14:23:05,703 | INFO | app.candidate_scheduler | 【候选库调度器】已停止
2026-04-09 14:23:05,703 | INFO | uvicorn.error | Application shutdown complete.
2026-04-09 14:23:05,703 | INFO | uvicorn.error | Finished server process [66307]
2026-04-09 14:23:07,460 | INFO | uvicorn.error | Started server process [66388]
2026-04-09 14:23:07,460 | INFO | uvicorn.error | Waiting for application startup.
2026-04-09 14:23:07,461 | INFO | app | Starting API with env=development db=postgresql+asyncpg://postgres:postgres@localhost:5432/task_manager
2026-04-09 14:23:07,550 | INFO | app.video_ai | Video AI queue processor started
2026-04-09 14:23:07,550 | INFO | app.ai_account | AI account queue processor started
2026-04-09 14:23:07,555 | INFO | app.video_publication_service | Video publication poller started
2026-04-09 14:23:07,555 | INFO | app.publication_metrics_scheduler | 【指标同步调度器】已启动
2026-04-09 14:23:07,556 | INFO | app.account_publish_scheduler | 【定时发布调度器】已启动，轮询间隔 60 秒
2026-04-09 14:23:07,556 | INFO | app.candidate_scheduler | 【候选库调度器】已启动
2026-04-09 14:23:07,562 | INFO | app.topics | No stuck keyword gen tasks found on startup
2026-04-09 14:23:07,620 | INFO | app.candidate_scheduler | 【候选库调度器】预填 _fired 完成，共 0 条
2026-04-09 14:23:07,634 | INFO | app.video_ai | No stuck video AI templates found on startup
2026-04-09 14:23:07,641 | INFO | app.video_source | No stuck video downloads found on startup
2026-04-09 14:23:07,668 | INFO | app.services.candidate_service | 【导入恢复】无中断的导入任务
2026-04-09 14:23:07,764 | INFO | app.services.candidate_service | 【全量审核】启动恢复：无中断的 AI 审核任务
2026-04-09 14:23:07,764 | INFO | uvicorn.error | Application startup complete.
2026-04-09 14:23:12,820 | INFO | uvicorn.error | Shutting down
2026-04-09 14:23:12,929 | INFO | uvicorn.error | Waiting for application shutdown.
2026-04-09 14:23:12,955 | INFO | app.video_ai | Video AI queue processor stopped
2026-04-09 14:23:12,967 | INFO | app.ai_account | AI account queue processor stopped
2026-04-09 14:23:12,969 | INFO | app.video_publication_service | Video publication poller stopped
2026-04-09 14:23:12,971 | INFO | app.publication_metrics_scheduler | 【指标同步调度器】已停止
2026-04-09 14:23:12,974 | INFO | app.account_publish_scheduler | 【定时发布调度器】已停止
2026-04-09 14:23:12,975 | INFO | app.candidate_scheduler | 【候选库调度器】已停止
2026-04-09 14:23:12,975 | INFO | uvicorn.error | Application shutdown complete.
2026-04-09 14:23:12,976 | INFO | uvicorn.error | Finished server process [66388]
2026-04-09 14:23:14,555 | INFO | uvicorn.error | Started server process [66472]
2026-04-09 14:23:14,556 | INFO | uvicorn.error | Waiting for application startup.
2026-04-09 14:23:14,556 | INFO | app | Starting API with env=development db=postgresql+asyncpg://postgres:postgres@localhost:5432/task_manager
2026-04-09 14:23:14,657 | INFO | app.video_ai | Video AI queue processor started
2026-04-09 14:23:14,657 | INFO | app.ai_account | AI account queue processor started
2026-04-09 14:23:14,662 | INFO | app.video_publication_service | Video publication poller started
2026-04-09 14:23:14,662 | INFO | app.publication_metrics_scheduler | 【指标同步调度器】已启动
2026-04-09 14:23:14,662 | INFO | app.account_publish_scheduler | 【定时发布调度器】已启动，轮询间隔 60 秒
2026-04-09 14:23:14,662 | INFO | app.candidate_scheduler | 【候选库调度器】已启动
2026-04-09 14:23:14,666 | INFO | app.topics | No stuck keyword gen tasks found on startup
2026-04-09 14:23:14,718 | INFO | app.video_ai | No stuck video AI templates found on startup
2026-04-09 14:23:14,724 | INFO | app.video_source | No stuck video downloads found on startup
2026-04-09 14:23:14,725 | INFO | app.candidate_scheduler | 【候选库调度器】预填 _fired 完成，共 0 条
2026-04-09 14:23:14,750 | INFO | app.services.candidate_service | 【导入恢复】无中断的导入任务
2026-04-09 14:23:14,757 | INFO | app.services.candidate_service | 【全量审核】启动恢复：无中断的 AI 审核任务
2026-04-09 14:23:14,757 | INFO | uvicorn.error | Application startup complete.
2026-04-09 14:23:48,995 | INFO | uvicorn.error | Shutting down
2026-04-09 14:23:49,101 | INFO | uvicorn.error | Waiting for application shutdown.
2026-04-09 14:23:49,102 | INFO | app.video_ai | Video AI queue processor stopped
2026-04-09 14:23:49,103 | INFO | app.ai_account | AI account queue processor stopped
2026-04-09 14:23:49,103 | INFO | app.video_publication_service | Video publication poller stopped
2026-04-09 14:23:49,103 | INFO | app.publication_metrics_scheduler | 【指标同步调度器】已停止
2026-04-09 14:23:49,103 | INFO | app.account_publish_scheduler | 【定时发布调度器】已停止
2026-04-09 14:23:49,103 | INFO | app.candidate_scheduler | 【候选库调度器】已停止
2026-04-09 14:23:49,103 | INFO | uvicorn.error | Application shutdown complete.
2026-04-09 14:23:49,103 | INFO | uvicorn.error | Finished server process [66472]
2026-04-09 14:23:50,982 | INFO | uvicorn.error | Started server process [66779]
2026-04-09 14:23:50,982 | INFO | uvicorn.error | Waiting for application startup.
2026-04-09 14:23:50,982 | INFO | app | Starting API with env=development db=postgresql+asyncpg://postgres:postgres@localhost:5432/task_manager
2026-04-09 14:23:51,094 | INFO | app.video_ai | Video AI queue processor started
2026-04-09 14:23:51,094 | INFO | app.ai_account | AI account queue processor started
2026-04-09 14:23:51,100 | INFO | app.video_publication_service | Video publication poller started
2026-04-09 14:23:51,100 | INFO | app.publication_metrics_scheduler | 【指标同步调度器】已启动
2026-04-09 14:23:51,100 | INFO | app.account_publish_scheduler | 【定时发布调度器】已启动，轮询间隔 60 秒
2026-04-09 14:23:51,100 | INFO | app.candidate_scheduler | 【候选库调度器】已启动
2026-04-09 14:23:51,106 | INFO | app.topics | No stuck keyword gen tasks found on startup
2026-04-09 14:23:51,160 | INFO | app.candidate_scheduler | 【候选库调度器】预填 _fired 完成，共 0 条
2026-04-09 14:23:51,181 | INFO | app.video_ai | No stuck video AI templates found on startup
2026-04-09 14:23:51,215 | INFO | app.video_source | No stuck video downloads found on startup
2026-04-09 14:23:51,264 | INFO | app.services.candidate_service | 【导入恢复】无中断的导入任务
2026-04-09 14:23:51,292 | INFO | app.services.candidate_service | 【全量审核】启动恢复：无中断的 AI 审核任务
2026-04-09 14:23:51,292 | INFO | uvicorn.error | Application startup complete.
2026-04-09 14:24:12,451 | INFO | uvicorn.error | Shutting down
2026-04-09 14:24:12,554 | INFO | uvicorn.error | Waiting for application shutdown.
2026-04-09 14:24:12,557 | INFO | app.video_ai | Video AI queue processor stopped
2026-04-09 14:24:12,558 | INFO | app.ai_account | AI account queue processor stopped
2026-04-09 14:24:12,558 | INFO | app.video_publication_service | Video publication poller stopped
2026-04-09 14:24:12,559 | INFO | app.publication_metrics_scheduler | 【指标同步调度器】已停止
2026-04-09 14:24:12,561 | INFO | app.account_publish_scheduler | 【定时发布调度器】已停止
2026-04-09 14:24:12,563 | INFO | app.candidate_scheduler | 【候选库调度器】已停止
2026-04-09 14:24:12,564 | INFO | uvicorn.error | Application shutdown complete.
2026-04-09 14:24:12,565 | INFO | uvicorn.error | Finished server process [66779]
2026-04-09 14:24:14,229 | INFO | uvicorn.error | Started server process [67367]
2026-04-09 14:24:14,229 | INFO | uvicorn.error | Waiting for application startup.
2026-04-09 14:24:14,230 | INFO | app | Starting API with env=development db=postgresql+asyncpg://postgres:postgres@localhost:5432/task_manager
2026-04-09 14:24:14,321 | INFO | app.video_ai | Video AI queue processor started
2026-04-09 14:24:14,321 | INFO | app.ai_account | AI account queue processor started
2026-04-09 14:24:14,326 | INFO | app.video_publication_service | Video publication poller started
2026-04-09 14:24:14,326 | INFO | app.publication_metrics_scheduler | 【指标同步调度器】已启动
2026-04-09 14:24:14,326 | INFO | app.account_publish_scheduler | 【定时发布调度器】已启动，轮询间隔 60 秒
2026-04-09 14:24:14,326 | INFO | app.candidate_scheduler | 【候选库调度器】已启动
2026-04-09 14:24:14,333 | INFO | app.topics | No stuck keyword gen tasks found on startup
2026-04-09 14:24:14,382 | INFO | app.candidate_scheduler | 【候选库调度器】预填 _fired 完成，共 0 条
2026-04-09 14:24:14,387 | INFO | app.video_ai | No stuck video AI templates found on startup
2026-04-09 14:24:14,392 | INFO | app.video_source | No stuck video downloads found on startup
2026-04-09 14:24:14,408 | INFO | app.services.candidate_service | 【导入恢复】无中断的导入任务
2026-04-09 14:24:14,424 | INFO | app.services.candidate_service | 【全量审核】启动恢复：无中断的 AI 审核任务
2026-04-09 14:24:14,424 | INFO | uvicorn.error | Application startup complete.
2026-04-09 14:24:31,219 | INFO | uvicorn.error | Shutting down
2026-04-09 14:24:31,320 | INFO | uvicorn.error | Waiting for application shutdown.
2026-04-09 14:24:31,322 | INFO | app.video_ai | Video AI queue processor stopped
2026-04-09 14:24:31,323 | INFO | app.ai_account | AI account queue processor stopped
2026-04-09 14:24:31,323 | INFO | app.video_publication_service | Video publication poller stopped
2026-04-09 14:24:31,323 | INFO | app.publication_metrics_scheduler | 【指标同步调度器】已停止
2026-04-09 14:24:31,323 | INFO | app.account_publish_scheduler | 【定时发布调度器】已停止
2026-04-09 14:24:31,323 | INFO | app.candidate_scheduler | 【候选库调度器】已停止
2026-04-09 14:24:31,324 | INFO | uvicorn.error | Application shutdown complete.
2026-04-09 14:24:31,324 | INFO | uvicorn.error | Finished server process [67367]
2026-04-09 14:24:32,991 | INFO | uvicorn.error | Started server process [67546]
2026-04-09 14:24:32,991 | INFO | uvicorn.error | Waiting for application startup.
2026-04-09 14:24:32,991 | INFO | app | Starting API with env=development db=postgresql+asyncpg://postgres:postgres@localhost:5432/task_manager
2026-04-09 14:24:33,080 | INFO | app.video_ai | Video AI queue processor started
2026-04-09 14:24:33,080 | INFO | app.ai_account | AI account queue processor started
2026-04-09 14:24:33,086 | INFO | app.video_publication_service | Video publication poller started
2026-04-09 14:24:33,086 | INFO | app.publication_metrics_scheduler | 【指标同步调度器】已启动
2026-04-09 14:24:33,086 | INFO | app.account_publish_scheduler | 【定时发布调度器】已启动，轮询间隔 60 秒
2026-04-09 14:24:33,086 | INFO | app.candidate_scheduler | 【候选库调度器】已启动
2026-04-09 14:24:33,091 | INFO | app.topics | No stuck keyword gen tasks found on startup
2026-04-09 14:24:33,140 | INFO | app.candidate_scheduler | 【候选库调度器】预填 _fired 完成，共 0 条
2026-04-09 14:24:33,149 | INFO | app.video_ai | No stuck video AI templates found on startup
2026-04-09 14:24:33,155 | INFO | app.video_source | No stuck video downloads found on startup
2026-04-09 14:24:33,172 | INFO | app.services.candidate_service | 【导入恢复】无中断的导入任务
2026-04-09 14:24:33,189 | INFO | app.services.candidate_service | 【全量审核】启动恢复：无中断的 AI 审核任务
2026-04-09 14:24:33,189 | INFO | uvicorn.error | Application startup complete.
2026-04-09 14:24:55,565 | INFO | uvicorn.error | Shutting down
2026-04-09 14:24:55,667 | INFO | uvicorn.error | Waiting for application shutdown.
2026-04-09 14:24:55,668 | INFO | app.video_ai | Video AI queue processor stopped
2026-04-09 14:24:55,668 | INFO | app.ai_account | AI account queue processor stopped
2026-04-09 14:24:55,668 | INFO | app.video_publication_service | Video publication poller stopped
2026-04-09 14:24:55,668 | INFO | app.publication_metrics_scheduler | 【指标同步调度器】已停止
2026-04-09 14:24:55,669 | INFO | app.account_publish_scheduler | 【定时发布调度器】已停止
2026-04-09 14:24:55,669 | INFO | app.candidate_scheduler | 【候选库调度器】已停止
2026-04-09 14:24:55,669 | INFO | uvicorn.error | Application shutdown complete.
2026-04-09 14:24:55,669 | INFO | uvicorn.error | Finished server process [67546]
2026-04-09 14:24:57,468 | INFO | uvicorn.error | Started server process [67762]
2026-04-09 14:24:57,468 | INFO | uvicorn.error | Waiting for application startup.
2026-04-09 14:24:57,468 | INFO | app | Starting API with env=development db=postgresql+asyncpg://postgres:postgres@localhost:5432/task_manager
2026-04-09 14:24:57,570 | INFO | app.video_ai | Video AI queue processor started
2026-04-09 14:24:57,570 | INFO | app.ai_account | AI account queue processor started
2026-04-09 14:24:57,575 | INFO | app.video_publication_service | Video publication poller started
2026-04-09 14:24:57,576 | INFO | app.publication_metrics_scheduler | 【指标同步调度器】已启动
2026-04-09 14:24:57,576 | INFO | app.account_publish_scheduler | 【定时发布调度器】已启动，轮询间隔 60 秒
2026-04-09 14:24:57,576 | INFO | app.candidate_scheduler | 【候选库调度器】已启动
2026-04-09 14:24:57,581 | INFO | app.topics | No stuck keyword gen tasks found on startup
2026-04-09 14:24:57,638 | INFO | app.candidate_scheduler | 【候选库调度器】预填 _fired 完成，共 0 条
2026-04-09 14:24:57,646 | INFO | app.video_ai | No stuck video AI templates found on startup
2026-04-09 14:24:57,653 | INFO | app.video_source | No stuck video downloads found on startup
2026-04-09 14:24:57,675 | INFO | app.services.candidate_service | 【导入恢复】无中断的导入任务
2026-04-09 14:24:57,704 | INFO | app.services.candidate_service | 【全量审核】启动恢复：无中断的 AI 审核任务
2026-04-09 14:24:57,704 | INFO | uvicorn.error | Application startup complete.
2026-04-09 14:26:09,758 | INFO | app | [951cac29] OPTIONS /api/v1/video-tasks/subtasks/by-account?account_id=92a43fbb-08df-4401-81b7-c6af753b0c82&page=1&page_size=20&status=queued -> 200 (5.09ms)
2026-04-09 14:26:09,760 | INFO | uvicorn.access | 127.0.0.1:52602 - "OPTIONS /api/v1/video-tasks/subtasks/by-account?account_id=92a43fbb-08df-4401-81b7-c6af753b0c82&page=1&page_size=20&status=queued HTTP/1.1" 200
2026-04-09 14:26:09,760 | INFO | app | [084413d8] OPTIONS /api/v1/video-tasks/subtasks/by-account/counts?account_id=92a43fbb-08df-4401-81b7-c6af753b0c82 -> 200 (3.45ms)
2026-04-09 14:26:09,761 | INFO | uvicorn.access | 127.0.0.1:52603 - "OPTIONS /api/v1/video-tasks/subtasks/by-account/counts?account_id=92a43fbb-08df-4401-81b7-c6af753b0c82 HTTP/1.1" 200
2026-04-09 14:26:09,816 | ERROR | app | [96f88c1c] GET /api/v1/video-tasks/subtasks/by-account?account_id=92a43fbb-08df-4401-81b7-c6af753b0c82&page=1&page_size=20&status=queued -> 500 (53.95ms)
Traceback (most recent call last):
  File "/Users/guyin/Desktop/Echooo/repo/confyUI-flow-back/backend/.venv/lib/python3.13/site-packages/sqlalchemy/dialects/postgresql/asyncpg.py", line 521, in _prepare_and_execute
    prepared_stmt, attributes = await adapt_connection._prepare(
                                ^^^^^^^^^^^^^^^^^^^^^^^^^^^^^^^^
        operation, self._invalidate_schema_cache_asof
        ^^^^^^^^^^^^^^^^^^^^^^^^^^^^^^^^^^^^^^^^^^^^^
    )
    ^
  File "/Users/guyin/Desktop/Echooo/repo/confyUI-flow-back/backend/.venv/lib/python3.13/site-packages/sqlalchemy/dialects/postgresql/asyncpg.py", line 768, in _prepare
    prepared_stmt = await self._connection.prepare(
                    ^^^^^^^^^^^^^^^^^^^^^^^^^^^^^^^
        operation, name=self._prepared_statement_name_func()
        ^^^^^^^^^^^^^^^^^^^^^^^^^^^^^^^^^^^^^^^^^^^^^^^^^^^^
    )
    ^
  File "/Users/guyin/Desktop/Echooo/repo/confyUI-flow-back/backend/.venv/lib/python3.13/site-packages/asyncpg/connection.py", line 635, in prepare
    return await self._prepare(
           ^^^^^^^^^^^^^^^^^^^^
    ...<5 lines>...
    )
    ^
  File "/Users/guyin/Desktop/Echooo/repo/confyUI-flow-back/backend/.venv/lib/python3.13/site-packages/asyncpg/connection.py", line 653, in _prepare
    stmt = await self._get_statement(
           ^^^^^^^^^^^^^^^^^^^^^^^^^^
    ...<5 lines>...
    )
    ^
  File "/Users/guyin/Desktop/Echooo/repo/confyUI-flow-back/backend/.venv/lib/python3.13/site-packages/asyncpg/connection.py", line 432, in _get_statement
    statement = await self._protocol.prepare(
                ^^^^^^^^^^^^^^^^^^^^^^^^^^^^^
    ...<5 lines>...
    )
    ^
  File "asyncpg/protocol/protocol.pyx", line 165, in prepare
asyncpg.exceptions.UndefinedColumnError: column video_sub_tasks.publish_meta does not exist

The above exception was the direct cause of the following exception:

Traceback (most recent call last):
  File "/Users/guyin/Desktop/Echooo/repo/confyUI-flow-back/backend/.venv/lib/python3.13/site-packages/sqlalchemy/engine/base.py", line 1964, in _exec_single_context
    self.dialect.do_execute(
    ~~~~~~~~~~~~~~~~~~~~~~~^
        cursor, str_statement, effective_parameters, context
        ^^^^^^^^^^^^^^^^^^^^^^^^^^^^^^^^^^^^^^^^^^^^^^^^^^^^
    )
    ^
  File "/Users/guyin/Desktop/Echooo/repo/confyUI-flow-back/backend/.venv/lib/python3.13/site-packages/sqlalchemy/engine/default.py", line 942, in do_execute
    cursor.execute(statement, parameters)
    ~~~~~~~~~~~~~~^^^^^^^^^^^^^^^^^^^^^^^
  File "/Users/guyin/Desktop/Echooo/repo/confyUI-flow-back/backend/.venv/lib/python3.13/site-packages/sqlalchemy/dialects/postgresql/asyncpg.py", line 580, in execute
    self._adapt_connection.await_(
    ~~~~~~~~~~~~~~~~~~~~~~~~~~~~~^
        self._prepare_and_execute(operation, parameters)
        ^^^^^^^^^^^^^^^^^^^^^^^^^^^^^^^^^^^^^^^^^^^^^^^^
    )
    ^
  File "/Users/guyin/Desktop/Echooo/repo/confyUI-flow-back/backend/.venv/lib/python3.13/site-packages/sqlalchemy/util/_concurrency_py3k.py", line 132, in await_only
    return current.parent.switch(awaitable)  # type: ignore[no-any-return,attr-defined] # noqa: E501
           ~~~~~~~~~~~~~~~~~~~~~^^^^^^^^^^^
  File "/Users/guyin/Desktop/Echooo/repo/confyUI-flow-back/backend/.venv/lib/python3.13/site-packages/sqlalchemy/util/_concurrency_py3k.py", line 196, in greenlet_spawn
    value = await result
            ^^^^^^^^^^^^
  File "/Users/guyin/Desktop/Echooo/repo/confyUI-flow-back/backend/.venv/lib/python3.13/site-packages/sqlalchemy/dialects/postgresql/asyncpg.py", line 558, in _prepare_and_execute
    self._handle_exception(error)
    ~~~~~~~~~~~~~~~~~~~~~~^^^^^^^
  File "/Users/guyin/Desktop/Echooo/repo/confyUI-flow-back/backend/.venv/lib/python3.13/site-packages/sqlalchemy/dialects/postgresql/asyncpg.py", line 508, in _handle_exception
    self._adapt_connection._handle_exception(error)
    ~~~~~~~~~~~~~~~~~~~~~~~~~~~~~~~~~~~~~~~~^^^^^^^
  File "/Users/guyin/Desktop/Echooo/repo/confyUI-flow-back/backend/.venv/lib/python3.13/site-packages/sqlalchemy/dialects/postgresql/asyncpg.py", line 792, in _handle_exception
    raise translated_error from error
sqlalchemy.dialects.postgresql.asyncpg.AsyncAdapt_asyncpg_dbapi.ProgrammingError: <class 'asyncpg.exceptions.UndefinedColumnError'>: column video_sub_tasks.publish_meta does not exist

The above exception was the direct cause of the following exception:

Traceback (most recent call last):
  File "/Users/guyin/Desktop/Echooo/repo/confyUI-flow-back/backend/app/main.py", line 50, in request_logging_middleware
    response = await call_next(request)
               ^^^^^^^^^^^^^^^^^^^^^^^^
  File "/Users/guyin/Desktop/Echooo/repo/confyUI-flow-back/backend/.venv/lib/python3.13/site-packages/starlette/middleware/base.py", line 163, in call_next
    raise app_exc
  File "/Users/guyin/Desktop/Echooo/repo/confyUI-flow-back/backend/.venv/lib/python3.13/site-packages/starlette/middleware/base.py", line 149, in coro
    await self.app(scope, receive_or_disconnect, send_no_error)
  File "/Users/guyin/Desktop/Echooo/repo/confyUI-flow-back/backend/.venv/lib/python3.13/site-packages/starlette/middleware/cors.py", line 93, in __call__
    await self.simple_response(scope, receive, send, request_headers=headers)
  File "/Users/guyin/Desktop/Echooo/repo/confyUI-flow-back/backend/.venv/lib/python3.13/site-packages/starlette/middleware/cors.py", line 144, in simple_response
    await self.app(scope, receive, send)
  File "/Users/guyin/Desktop/Echooo/repo/confyUI-flow-back/backend/.venv/lib/python3.13/site-packages/starlette/middleware/exceptions.py", line 62, in __call__
    await wrap_app_handling_exceptions(self.app, conn)(scope, receive, send)
  File "/Users/guyin/Desktop/Echooo/repo/confyUI-flow-back/backend/.venv/lib/python3.13/site-packages/starlette/_exception_handler.py", line 53, in wrapped_app
    raise exc
  File "/Users/guyin/Desktop/Echooo/repo/confyUI-flow-back/backend/.venv/lib/python3.13/site-packages/starlette/_exception_handler.py", line 42, in wrapped_app
    await app(scope, receive, sender)
  File "/Users/guyin/Desktop/Echooo/repo/confyUI-flow-back/backend/.venv/lib/python3.13/site-packages/starlette/routing.py", line 715, in __call__
    await self.middleware_stack(scope, receive, send)
  File "/Users/guyin/Desktop/Echooo/repo/confyUI-flow-back/backend/.venv/lib/python3.13/site-packages/starlette/routing.py", line 735, in app
    await route.handle(scope, receive, send)
  File "/Users/guyin/Desktop/Echooo/repo/confyUI-flow-back/backend/.venv/lib/python3.13/site-packages/starlette/routing.py", line 288, in handle
    await self.app(scope, receive, send)
  File "/Users/guyin/Desktop/Echooo/repo/confyUI-flow-back/backend/.venv/lib/python3.13/site-packages/starlette/routing.py", line 76, in app
    await wrap_app_handling_exceptions(app, request)(scope, receive, send)
  File "/Users/guyin/Desktop/Echooo/repo/confyUI-flow-back/backend/.venv/lib/python3.13/site-packages/starlette/_exception_handler.py", line 53, in wrapped_app
    raise exc
  File "/Users/guyin/Desktop/Echooo/repo/confyUI-flow-back/backend/.venv/lib/python3.13/site-packages/starlette/_exception_handler.py", line 42, in wrapped_app
    await app(scope, receive, sender)
  File "/Users/guyin/Desktop/Echooo/repo/confyUI-flow-back/backend/.venv/lib/python3.13/site-packages/starlette/routing.py", line 73, in app
    response = await f(request)
               ^^^^^^^^^^^^^^^^
  File "/Users/guyin/Desktop/Echooo/repo/confyUI-flow-back/backend/.venv/lib/python3.13/site-packages/fastapi/routing.py", line 301, in app
    raw_response = await run_endpoint_function(
                   ^^^^^^^^^^^^^^^^^^^^^^^^^^^^
    ...<3 lines>...
    )
    ^
  File "/Users/guyin/Desktop/Echooo/repo/confyUI-flow-back/backend/.venv/lib/python3.13/site-packages/fastapi/routing.py", line 212, in run_endpoint_function
    return await dependant.call(**values)
           ^^^^^^^^^^^^^^^^^^^^^^^^^^^^^^
  File "/Users/guyin/Desktop/Echooo/repo/confyUI-flow-back/backend/app/api/v1/video_tasks.py", line 332, in list_subtasks_by_account
    total: int = (await session.execute(select(func.count()).select_from(base.subquery()))).scalar_one()
                  ^^^^^^^^^^^^^^^^^^^^^^^^^^^^^^^^^^^^^^^^^^^^^^^^^^^^^^^^^^^^^^^^^^^^^^^^
  File "/Users/guyin/Desktop/Echooo/repo/confyUI-flow-back/backend/.venv/lib/python3.13/site-packages/sqlalchemy/ext/asyncio/session.py", line 463, in execute
    result = await greenlet_spawn(
             ^^^^^^^^^^^^^^^^^^^^^
    ...<6 lines>...
    )
    ^
  File "/Users/guyin/Desktop/Echooo/repo/confyUI-flow-back/backend/.venv/lib/python3.13/site-packages/sqlalchemy/util/_concurrency_py3k.py", line 201, in greenlet_spawn
    result = context.throw(*sys.exc_info())
  File "/Users/guyin/Desktop/Echooo/repo/confyUI-flow-back/backend/.venv/lib/python3.13/site-packages/sqlalchemy/orm/session.py", line 2365, in execute
    return self._execute_internal(
           ~~~~~~~~~~~~~~~~~~~~~~^
        statement,
        ^^^^^^^^^^
    ...<4 lines>...
        _add_event=_add_event,
        ^^^^^^^^^^^^^^^^^^^^^^
    )
    ^
  File "/Users/guyin/Desktop/Echooo/repo/confyUI-flow-back/backend/.venv/lib/python3.13/site-packages/sqlalchemy/orm/session.py", line 2251, in _execute_internal
    result: Result[Any] = compile_state_cls.orm_execute_statement(
                          ~~~~~~~~~~~~~~~~~~~~~~~~~~~~~~~~~~~~~~~^
        self,
        ^^^^^
    ...<4 lines>...
        conn,
        ^^^^^
    )
    ^
  File "/Users/guyin/Desktop/Echooo/repo/confyUI-flow-back/backend/.venv/lib/python3.13/site-packages/sqlalchemy/orm/context.py", line 305, in orm_execute_statement
    result = conn.execute(
        statement, params or {}, execution_options=execution_options
    )
  File "/Users/guyin/Desktop/Echooo/repo/confyUI-flow-back/backend/.venv/lib/python3.13/site-packages/sqlalchemy/engine/base.py", line 1416, in execute
    return meth(
        self,
        distilled_parameters,
        execution_options or NO_OPTIONS,
    )
  File "/Users/guyin/Desktop/Echooo/repo/confyUI-flow-back/backend/.venv/lib/python3.13/site-packages/sqlalchemy/sql/elements.py", line 516, in _execute_on_connection
    return connection._execute_clauseelement(
           ~~~~~~~~~~~~~~~~~~~~~~~~~~~~~~~~~^
        self, distilled_params, execution_options
        ^^^^^^^^^^^^^^^^^^^^^^^^^^^^^^^^^^^^^^^^^
    )
    ^
  File "/Users/guyin/Desktop/Echooo/repo/confyUI-flow-back/backend/.venv/lib/python3.13/site-packages/sqlalchemy/engine/base.py", line 1638, in _execute_clauseelement
    ret = self._execute_context(
        dialect,
    ...<8 lines>...
        cache_hit=cache_hit,
    )
  File "/Users/guyin/Desktop/Echooo/repo/confyUI-flow-back/backend/.venv/lib/python3.13/site-packages/sqlalchemy/engine/base.py", line 1843, in _execute_context
    return self._exec_single_context(
           ~~~~~~~~~~~~~~~~~~~~~~~~~^
        dialect, context, statement, parameters
        ^^^^^^^^^^^^^^^^^^^^^^^^^^^^^^^^^^^^^^^
    )
    ^
  File "/Users/guyin/Desktop/Echooo/repo/confyUI-flow-back/backend/.venv/lib/python3.13/site-packages/sqlalchemy/engine/base.py", line 1983, in _exec_single_context
    self._handle_dbapi_exception(
    ~~~~~~~~~~~~~~~~~~~~~~~~~~~~^
        e, str_statement, effective_parameters, cursor, context
        ^^^^^^^^^^^^^^^^^^^^^^^^^^^^^^^^^^^^^^^^^^^^^^^^^^^^^^^
    )
    ^
  File "/Users/guyin/Desktop/Echooo/repo/confyUI-flow-back/backend/.venv/lib/python3.13/site-packages/sqlalchemy/engine/base.py", line 2352, in _handle_dbapi_exception
    raise sqlalchemy_exception.with_traceback(exc_info[2]) from e
  File "/Users/guyin/Desktop/Echooo/repo/confyUI-flow-back/backend/.venv/lib/python3.13/site-packages/sqlalchemy/engine/base.py", line 1964, in _exec_single_context
    self.dialect.do_execute(
    ~~~~~~~~~~~~~~~~~~~~~~~^
        cursor, str_statement, effective_parameters, context
        ^^^^^^^^^^^^^^^^^^^^^^^^^^^^^^^^^^^^^^^^^^^^^^^^^^^^
    )
    ^
  File "/Users/guyin/Desktop/Echooo/repo/confyUI-flow-back/backend/.venv/lib/python3.13/site-packages/sqlalchemy/engine/default.py", line 942, in do_execute
    cursor.execute(statement, parameters)
    ~~~~~~~~~~~~~~^^^^^^^^^^^^^^^^^^^^^^^
  File "/Users/guyin/Desktop/Echooo/repo/confyUI-flow-back/backend/.venv/lib/python3.13/site-packages/sqlalchemy/dialects/postgresql/asyncpg.py", line 580, in execute
    self._adapt_connection.await_(
    ~~~~~~~~~~~~~~~~~~~~~~~~~~~~~^
        self._prepare_and_execute(operation, parameters)
        ^^^^^^^^^^^^^^^^^^^^^^^^^^^^^^^^^^^^^^^^^^^^^^^^
    )
    ^
  File "/Users/guyin/Desktop/Echooo/repo/confyUI-flow-back/backend/.venv/lib/python3.13/site-packages/sqlalchemy/util/_concurrency_py3k.py", line 132, in await_only
    return current.parent.switch(awaitable)  # type: ignore[no-any-return,attr-defined] # noqa: E501
           ~~~~~~~~~~~~~~~~~~~~~^^^^^^^^^^^
  File "/Users/guyin/Desktop/Echooo/repo/confyUI-flow-back/backend/.venv/lib/python3.13/site-packages/sqlalchemy/util/_concurrency_py3k.py", line 196, in greenlet_spawn
    value = await result
            ^^^^^^^^^^^^
  File "/Users/guyin/Desktop/Echooo/repo/confyUI-flow-back/backend/.venv/lib/python3.13/site-packages/sqlalchemy/dialects/postgresql/asyncpg.py", line 558, in _prepare_and_execute
    self._handle_exception(error)
    ~~~~~~~~~~~~~~~~~~~~~~^^^^^^^
  File "/Users/guyin/Desktop/Echooo/repo/confyUI-flow-back/backend/.venv/lib/python3.13/site-packages/sqlalchemy/dialects/postgresql/asyncpg.py", line 508, in _handle_exception
    self._adapt_connection._handle_exception(error)
    ~~~~~~~~~~~~~~~~~~~~~~~~~~~~~~~~~~~~~~~~^^^^^^^
  File "/Users/guyin/Desktop/Echooo/repo/confyUI-flow-back/backend/.venv/lib/python3.13/site-packages/sqlalchemy/dialects/postgresql/asyncpg.py", line 792, in _handle_exception
    raise translated_error from error
sqlalchemy.exc.ProgrammingError: (sqlalchemy.dialects.postgresql.asyncpg.ProgrammingError) <class 'asyncpg.exceptions.UndefinedColumnError'>: column video_sub_tasks.publish_meta does not exist
[SQL: SELECT count(*) AS count_1 
FROM (SELECT video_sub_tasks.id AS id, video_sub_tasks.task_id AS task_id, video_sub_tasks.sub_index AS sub_index, video_sub_tasks.status AS status, video_sub_tasks.result_video_url AS result_video_url, video_sub_tasks.manual_note AS manual_note, video_sub_tasks.operator AS operator, video_sub_tasks.has_ng AS has_ng, video_sub_tasks.ng_timestamps AS ng_timestamps, video_sub_tasks.dimension_scores AS dimension_scores, video_sub_tasks.weighted_total_score AS weighted_total_score, video_sub_tasks.selected AS selected, video_sub_tasks.queue_order AS queue_order, video_sub_tasks.publish_meta AS publish_meta, video_sub_tasks.created_at AS created_at, video_sub_tasks.updated_at AS updated_at 
FROM video_sub_tasks JOIN video_tasks ON video_sub_tasks.task_id = video_tasks.id 
WHERE video_tasks.account_id = $1::UUID AND video_sub_tasks.status != $2::VARCHAR AND video_sub_tasks.status = $3::VARCHAR ORDER BY video_sub_tasks.queue_order ASC NULLS LAST) AS anon_1]
[parameters: (UUID('92a43fbb-08df-4401-81b7-c6af753b0c82'), 'abandoned', 'queued')]
(Background on this error at: https://sqlalche.me/e/20/f405)
2026-04-09 14:26:09,840 | INFO | uvicorn.access | 127.0.0.1:52603 - "GET /api/v1/video-tasks/subtasks/by-account?account_id=92a43fbb-08df-4401-81b7-c6af753b0c82&page=1&page_size=20&status=queued HTTP/1.1" 500
2026-04-09 14:26:09,840 | ERROR | uvicorn.error | Exception in ASGI application
Traceback (most recent call last):
  File "/Users/guyin/Desktop/Echooo/repo/confyUI-flow-back/backend/.venv/lib/python3.13/site-packages/sqlalchemy/dialects/postgresql/asyncpg.py", line 521, in _prepare_and_execute
    prepared_stmt, attributes = await adapt_connection._prepare(
                                ^^^^^^^^^^^^^^^^^^^^^^^^^^^^^^^^
        operation, self._invalidate_schema_cache_asof
        ^^^^^^^^^^^^^^^^^^^^^^^^^^^^^^^^^^^^^^^^^^^^^
    )
    ^
  File "/Users/guyin/Desktop/Echooo/repo/confyUI-flow-back/backend/.venv/lib/python3.13/site-packages/sqlalchemy/dialects/postgresql/asyncpg.py", line 768, in _prepare
    prepared_stmt = await self._connection.prepare(
                    ^^^^^^^^^^^^^^^^^^^^^^^^^^^^^^^
        operation, name=self._prepared_statement_name_func()
        ^^^^^^^^^^^^^^^^^^^^^^^^^^^^^^^^^^^^^^^^^^^^^^^^^^^^
    )
    ^
  File "/Users/guyin/Desktop/Echooo/repo/confyUI-flow-back/backend/.venv/lib/python3.13/site-packages/asyncpg/connection.py", line 635, in prepare
    return await self._prepare(
           ^^^^^^^^^^^^^^^^^^^^
    ...<5 lines>...
    )
    ^
  File "/Users/guyin/Desktop/Echooo/repo/confyUI-flow-back/backend/.venv/lib/python3.13/site-packages/asyncpg/connection.py", line 653, in _prepare
    stmt = await self._get_statement(
           ^^^^^^^^^^^^^^^^^^^^^^^^^^
    ...<5 lines>...
    )
    ^
  File "/Users/guyin/Desktop/Echooo/repo/confyUI-flow-back/backend/.venv/lib/python3.13/site-packages/asyncpg/connection.py", line 432, in _get_statement
    statement = await self._protocol.prepare(
                ^^^^^^^^^^^^^^^^^^^^^^^^^^^^^
    ...<5 lines>...
    )
    ^
  File "asyncpg/protocol/protocol.pyx", line 165, in prepare
asyncpg.exceptions.UndefinedColumnError: column video_sub_tasks.publish_meta does not exist

The above exception was the direct cause of the following exception:

Traceback (most recent call last):
  File "/Users/guyin/Desktop/Echooo/repo/confyUI-flow-back/backend/.venv/lib/python3.13/site-packages/sqlalchemy/engine/base.py", line 1964, in _exec_single_context
    self.dialect.do_execute(
    ~~~~~~~~~~~~~~~~~~~~~~~^
        cursor, str_statement, effective_parameters, context
        ^^^^^^^^^^^^^^^^^^^^^^^^^^^^^^^^^^^^^^^^^^^^^^^^^^^^
    )
    ^
  File "/Users/guyin/Desktop/Echooo/repo/confyUI-flow-back/backend/.venv/lib/python3.13/site-packages/sqlalchemy/engine/default.py", line 942, in do_execute
    cursor.execute(statement, parameters)
    ~~~~~~~~~~~~~~^^^^^^^^^^^^^^^^^^^^^^^
  File "/Users/guyin/Desktop/Echooo/repo/confyUI-flow-back/backend/.venv/lib/python3.13/site-packages/sqlalchemy/dialects/postgresql/asyncpg.py", line 580, in execute
    self._adapt_connection.await_(
    ~~~~~~~~~~~~~~~~~~~~~~~~~~~~~^
        self._prepare_and_execute(operation, parameters)
        ^^^^^^^^^^^^^^^^^^^^^^^^^^^^^^^^^^^^^^^^^^^^^^^^
    )
    ^
  File "/Users/guyin/Desktop/Echooo/repo/confyUI-flow-back/backend/.venv/lib/python3.13/site-packages/sqlalchemy/util/_concurrency_py3k.py", line 132, in await_only
    return current.parent.switch(awaitable)  # type: ignore[no-any-return,attr-defined] # noqa: E501
           ~~~~~~~~~~~~~~~~~~~~~^^^^^^^^^^^
  File "/Users/guyin/Desktop/Echooo/repo/confyUI-flow-back/backend/.venv/lib/python3.13/site-packages/sqlalchemy/util/_concurrency_py3k.py", line 196, in greenlet_spawn
    value = await result
            ^^^^^^^^^^^^
  File "/Users/guyin/Desktop/Echooo/repo/confyUI-flow-back/backend/.venv/lib/python3.13/site-packages/sqlalchemy/dialects/postgresql/asyncpg.py", line 558, in _prepare_and_execute
    self._handle_exception(error)
    ~~~~~~~~~~~~~~~~~~~~~~^^^^^^^
  File "/Users/guyin/Desktop/Echooo/repo/confyUI-flow-back/backend/.venv/lib/python3.13/site-packages/sqlalchemy/dialects/postgresql/asyncpg.py", line 508, in _handle_exception
    self._adapt_connection._handle_exception(error)
    ~~~~~~~~~~~~~~~~~~~~~~~~~~~~~~~~~~~~~~~~^^^^^^^
  File "/Users/guyin/Desktop/Echooo/repo/confyUI-flow-back/backend/.venv/lib/python3.13/site-packages/sqlalchemy/dialects/postgresql/asyncpg.py", line 792, in _handle_exception
    raise translated_error from error
sqlalchemy.dialects.postgresql.asyncpg.AsyncAdapt_asyncpg_dbapi.ProgrammingError: <class 'asyncpg.exceptions.UndefinedColumnError'>: column video_sub_tasks.publish_meta does not exist

The above exception was the direct cause of the following exception:

Traceback (most recent call last):
  File "/Users/guyin/Desktop/Echooo/repo/confyUI-flow-back/backend/.venv/lib/python3.13/site-packages/uvicorn/protocols/http/httptools_impl.py", line 409, in run_asgi
    result = await app(  # type: ignore[func-returns-value]
             ^^^^^^^^^^^^^^^^^^^^^^^^^^^^^^^^^^^^^^^^^^^^^^
        self.scope, self.receive, self.send
        ^^^^^^^^^^^^^^^^^^^^^^^^^^^^^^^^^^^
    )
    ^
  File "/Users/guyin/Desktop/Echooo/repo/confyUI-flow-back/backend/.venv/lib/python3.13/site-packages/uvicorn/middleware/proxy_headers.py", line 60, in __call__
    return await self.app(scope, receive, send)
           ^^^^^^^^^^^^^^^^^^^^^^^^^^^^^^^^^^^^
  File "/Users/guyin/Desktop/Echooo/repo/confyUI-flow-back/backend/.venv/lib/python3.13/site-packages/fastapi/applications.py", line 1054, in __call__
    await super().__call__(scope, receive, send)
  File "/Users/guyin/Desktop/Echooo/repo/confyUI-flow-back/backend/.venv/lib/python3.13/site-packages/starlette/applications.py", line 113, in __call__
    await self.middleware_stack(scope, receive, send)
  File "/Users/guyin/Desktop/Echooo/repo/confyUI-flow-back/backend/.venv/lib/python3.13/site-packages/starlette/middleware/errors.py", line 187, in __call__
    raise exc
  File "/Users/guyin/Desktop/Echooo/repo/confyUI-flow-back/backend/.venv/lib/python3.13/site-packages/starlette/middleware/errors.py", line 165, in __call__
    await self.app(scope, receive, _send)
  File "/Users/guyin/Desktop/Echooo/repo/confyUI-flow-back/backend/.venv/lib/python3.13/site-packages/starlette/middleware/base.py", line 185, in __call__
    with collapse_excgroups():
         ~~~~~~~~~~~~~~~~~~^^
  File "/Users/guyin/.local/share/uv/python/cpython-3.13.3-macos-aarch64-none/lib/python3.13/contextlib.py", line 162, in __exit__
    self.gen.throw(value)
    ~~~~~~~~~~~~~~^^^^^^^
  File "/Users/guyin/Desktop/Echooo/repo/confyUI-flow-back/backend/.venv/lib/python3.13/site-packages/starlette/_utils.py", line 82, in collapse_excgroups
    raise exc
  File "/Users/guyin/Desktop/Echooo/repo/confyUI-flow-back/backend/.venv/lib/python3.13/site-packages/starlette/middleware/base.py", line 187, in __call__
    response = await self.dispatch_func(request, call_next)
               ^^^^^^^^^^^^^^^^^^^^^^^^^^^^^^^^^^^^^^^^^^^^
  File "/Users/guyin/Desktop/Echooo/repo/confyUI-flow-back/backend/app/main.py", line 50, in request_logging_middleware
    response = await call_next(request)
               ^^^^^^^^^^^^^^^^^^^^^^^^
  File "/Users/guyin/Desktop/Echooo/repo/confyUI-flow-back/backend/.venv/lib/python3.13/site-packages/starlette/middleware/base.py", line 163, in call_next
    raise app_exc
  File "/Users/guyin/Desktop/Echooo/repo/confyUI-flow-back/backend/.venv/lib/python3.13/site-packages/starlette/middleware/base.py", line 149, in coro
    await self.app(scope, receive_or_disconnect, send_no_error)
  File "/Users/guyin/Desktop/Echooo/repo/confyUI-flow-back/backend/.venv/lib/python3.13/site-packages/starlette/middleware/cors.py", line 93, in __call__
    await self.simple_response(scope, receive, send, request_headers=headers)
  File "/Users/guyin/Desktop/Echooo/repo/confyUI-flow-back/backend/.venv/lib/python3.13/site-packages/starlette/middleware/cors.py", line 144, in simple_response
    await self.app(scope, receive, send)
  File "/Users/guyin/Desktop/Echooo/repo/confyUI-flow-back/backend/.venv/lib/python3.13/site-packages/starlette/middleware/exceptions.py", line 62, in __call__
    await wrap_app_handling_exceptions(self.app, conn)(scope, receive, send)
  File "/Users/guyin/Desktop/Echooo/repo/confyUI-flow-back/backend/.venv/lib/python3.13/site-packages/starlette/_exception_handler.py", line 53, in wrapped_app
    raise exc
  File "/Users/guyin/Desktop/Echooo/repo/confyUI-flow-back/backend/.venv/lib/python3.13/site-packages/starlette/_exception_handler.py", line 42, in wrapped_app
    await app(scope, receive, sender)
  File "/Users/guyin/Desktop/Echooo/repo/confyUI-flow-back/backend/.venv/lib/python3.13/site-packages/starlette/routing.py", line 715, in __call__
    await self.middleware_stack(scope, receive, send)
  File "/Users/guyin/Desktop/Echooo/repo/confyUI-flow-back/backend/.venv/lib/python3.13/site-packages/starlette/routing.py", line 735, in app
    await route.handle(scope, receive, send)
  File "/Users/guyin/Desktop/Echooo/repo/confyUI-flow-back/backend/.venv/lib/python3.13/site-packages/starlette/routing.py", line 288, in handle
    await self.app(scope, receive, send)
  File "/Users/guyin/Desktop/Echooo/repo/confyUI-flow-back/backend/.venv/lib/python3.13/site-packages/starlette/routing.py", line 76, in app
    await wrap_app_handling_exceptions(app, request)(scope, receive, send)
  File "/Users/guyin/Desktop/Echooo/repo/confyUI-flow-back/backend/.venv/lib/python3.13/site-packages/starlette/_exception_handler.py", line 53, in wrapped_app
    raise exc
  File "/Users/guyin/Desktop/Echooo/repo/confyUI-flow-back/backend/.venv/lib/python3.13/site-packages/starlette/_exception_handler.py", line 42, in wrapped_app
    await app(scope, receive, sender)
  File "/Users/guyin/Desktop/Echooo/repo/confyUI-flow-back/backend/.venv/lib/python3.13/site-packages/starlette/routing.py", line 73, in app
    response = await f(request)
               ^^^^^^^^^^^^^^^^
  File "/Users/guyin/Desktop/Echooo/repo/confyUI-flow-back/backend/.venv/lib/python3.13/site-packages/fastapi/routing.py", line 301, in app
    raw_response = await run_endpoint_function(
                   ^^^^^^^^^^^^^^^^^^^^^^^^^^^^
    ...<3 lines>...
    )
    ^
  File "/Users/guyin/Desktop/Echooo/repo/confyUI-flow-back/backend/.venv/lib/python3.13/site-packages/fastapi/routing.py", line 212, in run_endpoint_function
    return await dependant.call(**values)
           ^^^^^^^^^^^^^^^^^^^^^^^^^^^^^^
  File "/Users/guyin/Desktop/Echooo/repo/confyUI-flow-back/backend/app/api/v1/video_tasks.py", line 332, in list_subtasks_by_account
    total: int = (await session.execute(select(func.count()).select_from(base.subquery()))).scalar_one()
                  ^^^^^^^^^^^^^^^^^^^^^^^^^^^^^^^^^^^^^^^^^^^^^^^^^^^^^^^^^^^^^^^^^^^^^^^^
  File "/Users/guyin/Desktop/Echooo/repo/confyUI-flow-back/backend/.venv/lib/python3.13/site-packages/sqlalchemy/ext/asyncio/session.py", line 463, in execute
    result = await greenlet_spawn(
             ^^^^^^^^^^^^^^^^^^^^^
    ...<6 lines>...
    )
    ^
  File "/Users/guyin/Desktop/Echooo/repo/confyUI-flow-back/backend/.venv/lib/python3.13/site-packages/sqlalchemy/util/_concurrency_py3k.py", line 201, in greenlet_spawn
    result = context.throw(*sys.exc_info())
  File "/Users/guyin/Desktop/Echooo/repo/confyUI-flow-back/backend/.venv/lib/python3.13/site-packages/sqlalchemy/orm/session.py", line 2365, in execute
    return self._execute_internal(
           ~~~~~~~~~~~~~~~~~~~~~~^
        statement,
        ^^^^^^^^^^
    ...<4 lines>...
        _add_event=_add_event,
        ^^^^^^^^^^^^^^^^^^^^^^
    )
    ^
  File "/Users/guyin/Desktop/Echooo/repo/confyUI-flow-back/backend/.venv/lib/python3.13/site-packages/sqlalchemy/orm/session.py", line 2251, in _execute_internal
    result: Result[Any] = compile_state_cls.orm_execute_statement(
                          ~~~~~~~~~~~~~~~~~~~~~~~~~~~~~~~~~~~~~~~^
        self,
        ^^^^^
    ...<4 lines>...
        conn,
        ^^^^^
    )
    ^
  File "/Users/guyin/Desktop/Echooo/repo/confyUI-flow-back/backend/.venv/lib/python3.13/site-packages/sqlalchemy/orm/context.py", line 305, in orm_execute_statement
    result = conn.execute(
        statement, params or {}, execution_options=execution_options
    )
  File "/Users/guyin/Desktop/Echooo/repo/confyUI-flow-back/backend/.venv/lib/python3.13/site-packages/sqlalchemy/engine/base.py", line 1416, in execute
    return meth(
        self,
        distilled_parameters,
        execution_options or NO_OPTIONS,
    )
  File "/Users/guyin/Desktop/Echooo/repo/confyUI-flow-back/backend/.venv/lib/python3.13/site-packages/sqlalchemy/sql/elements.py", line 516, in _execute_on_connection
    return connection._execute_clauseelement(
           ~~~~~~~~~~~~~~~~~~~~~~~~~~~~~~~~~^
        self, distilled_params, execution_options
        ^^^^^^^^^^^^^^^^^^^^^^^^^^^^^^^^^^^^^^^^^
    )
    ^
  File "/Users/guyin/Desktop/Echooo/repo/confyUI-flow-back/backend/.venv/lib/python3.13/site-packages/sqlalchemy/engine/base.py", line 1638, in _execute_clauseelement
    ret = self._execute_context(
        dialect,
    ...<8 lines>...
        cache_hit=cache_hit,
    )
  File "/Users/guyin/Desktop/Echooo/repo/confyUI-flow-back/backend/.venv/lib/python3.13/site-packages/sqlalchemy/engine/base.py", line 1843, in _execute_context
    return self._exec_single_context(
           ~~~~~~~~~~~~~~~~~~~~~~~~~^
        dialect, context, statement, parameters
        ^^^^^^^^^^^^^^^^^^^^^^^^^^^^^^^^^^^^^^^
    )
    ^
  File "/Users/guyin/Desktop/Echooo/repo/confyUI-flow-back/backend/.venv/lib/python3.13/site-packages/sqlalchemy/engine/base.py", line 1983, in _exec_single_context
    self._handle_dbapi_exception(
    ~~~~~~~~~~~~~~~~~~~~~~~~~~~~^
        e, str_statement, effective_parameters, cursor, context
        ^^^^^^^^^^^^^^^^^^^^^^^^^^^^^^^^^^^^^^^^^^^^^^^^^^^^^^^
    )
    ^
  File "/Users/guyin/Desktop/Echooo/repo/confyUI-flow-back/backend/.venv/lib/python3.13/site-packages/sqlalchemy/engine/base.py", line 2352, in _handle_dbapi_exception
    raise sqlalchemy_exception.with_traceback(exc_info[2]) from e
  File "/Users/guyin/Desktop/Echooo/repo/confyUI-flow-back/backend/.venv/lib/python3.13/site-packages/sqlalchemy/engine/base.py", line 1964, in _exec_single_context
    self.dialect.do_execute(
    ~~~~~~~~~~~~~~~~~~~~~~~^
        cursor, str_statement, effective_parameters, context
        ^^^^^^^^^^^^^^^^^^^^^^^^^^^^^^^^^^^^^^^^^^^^^^^^^^^^
    )
    ^
  File "/Users/guyin/Desktop/Echooo/repo/confyUI-flow-back/backend/.venv/lib/python3.13/site-packages/sqlalchemy/engine/default.py", line 942, in do_execute
    cursor.execute(statement, parameters)
    ~~~~~~~~~~~~~~^^^^^^^^^^^^^^^^^^^^^^^
  File "/Users/guyin/Desktop/Echooo/repo/confyUI-flow-back/backend/.venv/lib/python3.13/site-packages/sqlalchemy/dialects/postgresql/asyncpg.py", line 580, in execute
    self._adapt_connection.await_(
    ~~~~~~~~~~~~~~~~~~~~~~~~~~~~~^
        self._prepare_and_execute(operation, parameters)
        ^^^^^^^^^^^^^^^^^^^^^^^^^^^^^^^^^^^^^^^^^^^^^^^^
    )
    ^
  File "/Users/guyin/Desktop/Echooo/repo/confyUI-flow-back/backend/.venv/lib/python3.13/site-packages/sqlalchemy/util/_concurrency_py3k.py", line 132, in await_only
    return current.parent.switch(awaitable)  # type: ignore[no-any-return,attr-defined] # noqa: E501
           ~~~~~~~~~~~~~~~~~~~~~^^^^^^^^^^^
  File "/Users/guyin/Desktop/Echooo/repo/confyUI-flow-back/backend/.venv/lib/python3.13/site-packages/sqlalchemy/util/_concurrency_py3k.py", line 196, in greenlet_spawn
    value = await result
            ^^^^^^^^^^^^
  File "/Users/guyin/Desktop/Echooo/repo/confyUI-flow-back/backend/.venv/lib/python3.13/site-packages/sqlalchemy/dialects/postgresql/asyncpg.py", line 558, in _prepare_and_execute
    self._handle_exception(error)
    ~~~~~~~~~~~~~~~~~~~~~~^^^^^^^
  File "/Users/guyin/Desktop/Echooo/repo/confyUI-flow-back/backend/.venv/lib/python3.13/site-packages/sqlalchemy/dialects/postgresql/asyncpg.py", line 508, in _handle_exception
    self._adapt_connection._handle_exception(error)
    ~~~~~~~~~~~~~~~~~~~~~~~~~~~~~~~~~~~~~~~~^^^^^^^
  File "/Users/guyin/Desktop/Echooo/repo/confyUI-flow-back/backend/.venv/lib/python3.13/site-packages/sqlalchemy/dialects/postgresql/asyncpg.py", line 792, in _handle_exception
    raise translated_error from error
sqlalchemy.exc.ProgrammingError: (sqlalchemy.dialects.postgresql.asyncpg.ProgrammingError) <class 'asyncpg.exceptions.UndefinedColumnError'>: column video_sub_tasks.publish_meta does not exist
[SQL: SELECT count(*) AS count_1 
FROM (SELECT video_sub_tasks.id AS id, video_sub_tasks.task_id AS task_id, video_sub_tasks.sub_index AS sub_index, video_sub_tasks.status AS status, video_sub_tasks.result_video_url AS result_video_url, video_sub_tasks.manual_note AS manual_note, video_sub_tasks.operator AS operator, video_sub_tasks.has_ng AS has_ng, video_sub_tasks.ng_timestamps AS ng_timestamps, video_sub_tasks.dimension_scores AS dimension_scores, video_sub_tasks.weighted_total_score AS weighted_total_score, video_sub_tasks.selected AS selected, video_sub_tasks.queue_order AS queue_order, video_sub_tasks.publish_meta AS publish_meta, video_sub_tasks.created_at AS created_at, video_sub_tasks.updated_at AS updated_at 
FROM video_sub_tasks JOIN video_tasks ON video_sub_tasks.task_id = video_tasks.id 
WHERE video_tasks.account_id = $1::UUID AND video_sub_tasks.status != $2::VARCHAR AND video_sub_tasks.status = $3::VARCHAR ORDER BY video_sub_tasks.queue_order ASC NULLS LAST) AS anon_1]
[parameters: (UUID('92a43fbb-08df-4401-81b7-c6af753b0c82'), 'abandoned', 'queued')]
(Background on this error at: https://sqlalche.me/e/20/f405)
2026-04-09 14:26:09,853 | INFO | app | [57964f7c] GET /api/v1/video-tasks/subtasks/by-account/counts?account_id=92a43fbb-08df-4401-81b7-c6af753b0c82 -> 200 (86.26ms)
2026-04-09 14:26:09,853 | INFO | uvicorn.access | 127.0.0.1:52602 - "GET /api/v1/video-tasks/subtasks/by-account/counts?account_id=92a43fbb-08df-4401-81b7-c6af753b0c82 HTTP/1.1" 200
2026-04-09 14:26:19,733 | INFO | uvicorn.error | Shutting down
2026-04-09 14:26:19,835 | INFO | uvicorn.error | Waiting for application shutdown.
2026-04-09 14:26:19,837 | INFO | app.video_ai | Video AI queue processor stopped
2026-04-09 14:26:19,837 | INFO | app.ai_account | AI account queue processor stopped
2026-04-09 14:26:19,837 | INFO | app.video_publication_service | Video publication poller stopped
2026-04-09 14:26:19,837 | INFO | app.publication_metrics_scheduler | 【指标同步调度器】已停止
2026-04-09 14:26:19,837 | INFO | app.account_publish_scheduler | 【定时发布调度器】已停止
2026-04-09 14:26:19,837 | INFO | app.candidate_scheduler | 【候选库调度器】已停止
2026-04-09 14:26:19,838 | INFO | uvicorn.error | Application shutdown complete.
2026-04-09 14:26:19,838 | INFO | uvicorn.error | Finished server process [67762]
2026-04-09 14:27:39,185 | INFO | uvicorn.error | Started server process [70157]
2026-04-09 14:27:39,185 | INFO | uvicorn.error | Waiting for application startup.
2026-04-09 14:27:39,185 | INFO | app | Starting API with env=development db=postgresql+asyncpg://postgres:postgres@localhost:5432/task_manager
2026-04-09 14:27:39,307 | INFO | app.video_ai | Video AI queue processor started
2026-04-09 14:27:39,307 | INFO | app.ai_account | AI account queue processor started
2026-04-09 14:27:39,312 | INFO | app.video_publication_service | Video publication poller started
2026-04-09 14:27:39,312 | INFO | app.publication_metrics_scheduler | 【指标同步调度器】已启动
2026-04-09 14:27:39,312 | INFO | app.account_publish_scheduler | 【定时发布调度器】已启动，轮询间隔 60 秒
2026-04-09 14:27:39,312 | INFO | app.candidate_scheduler | 【候选库调度器】已启动
2026-04-09 14:27:39,327 | INFO | app.topics | No stuck keyword gen tasks found on startup
2026-04-09 14:27:39,439 | INFO | app.candidate_scheduler | 【候选库调度器】预填 _fired 完成，共 0 条
2026-04-09 14:27:39,472 | INFO | app.video_ai | No stuck video AI templates found on startup
2026-04-09 14:27:39,483 | INFO | app.video_source | No stuck video downloads found on startup
2026-04-09 14:27:39,541 | INFO | app.services.candidate_service | 【导入恢复】无中断的导入任务
2026-04-09 14:27:39,560 | INFO | app.services.candidate_service | 【全量审核】启动恢复：无中断的 AI 审核任务
2026-04-09 14:27:39,560 | INFO | uvicorn.error | Application startup complete.
2026-04-09 14:27:41,655 | INFO | app | [cb719c77] OPTIONS /api/v1/auth/profile -> 200 (1.99ms)
2026-04-09 14:27:41,656 | INFO | uvicorn.access | 127.0.0.1:53087 - "OPTIONS /api/v1/auth/profile HTTP/1.1" 200
2026-04-09 14:27:41,656 | INFO | app | [dd5d4f50] OPTIONS /api/v1/accounts/92a43fbb-08df-4401-81b7-c6af753b0c82 -> 200 (1.45ms)
2026-04-09 14:27:41,656 | INFO | uvicorn.access | 127.0.0.1:53088 - "OPTIONS /api/v1/accounts/92a43fbb-08df-4401-81b7-c6af753b0c82 HTTP/1.1" 200
2026-04-09 14:27:41,686 | INFO | app | [f845c926] GET /api/v1/auth/profile -> 200 (29.17ms)
2026-04-09 14:27:41,686 | INFO | uvicorn.access | 127.0.0.1:53088 - "GET /api/v1/auth/profile HTTP/1.1" 200
2026-04-09 14:27:41,743 | INFO | app | [650da200] GET /api/v1/accounts/92a43fbb-08df-4401-81b7-c6af753b0c82 -> 200 (85.44ms)
2026-04-09 14:27:41,743 | INFO | uvicorn.access | 127.0.0.1:53087 - "GET /api/v1/accounts/92a43fbb-08df-4401-81b7-c6af753b0c82 HTTP/1.1" 200
2026-04-09 14:27:41,758 | INFO | app | [b719a483] OPTIONS /api/v1/video-tasks/subtasks/by-account?account_id=92a43fbb-08df-4401-81b7-c6af753b0c82&page=1&page_size=20&status=pending_publish -> 200 (0.98ms)
2026-04-09 14:27:41,758 | INFO | uvicorn.access | 127.0.0.1:53087 - "OPTIONS /api/v1/video-tasks/subtasks/by-account?account_id=92a43fbb-08df-4401-81b7-c6af753b0c82&page=1&page_size=20&status=pending_publish HTTP/1.1" 200
2026-04-09 14:27:41,776 | INFO | app | [0a75292d] GET /api/v1/video-tasks/subtasks/by-account/counts?account_id=92a43fbb-08df-4401-81b7-c6af753b0c82 -> 200 (19.16ms)
2026-04-09 14:27:41,777 | INFO | uvicorn.access | 127.0.0.1:53088 - "GET /api/v1/video-tasks/subtasks/by-account/counts?account_id=92a43fbb-08df-4401-81b7-c6af753b0c82 HTTP/1.1" 200
2026-04-09 14:27:41,778 | INFO | app | [50e73917] GET /api/v1/video-tasks/subtasks/by-account?account_id=92a43fbb-08df-4401-81b7-c6af753b0c82&page=1&page_size=20&status=pending_publish -> 200 (17.89ms)
2026-04-09 14:27:41,778 | INFO | uvicorn.access | 127.0.0.1:53087 - "GET /api/v1/video-tasks/subtasks/by-account?account_id=92a43fbb-08df-4401-81b7-c6af753b0c82&page=1&page_size=20&status=pending_publish HTTP/1.1" 200
2026-04-09 14:27:42,941 | INFO | app | [1ce6e9ab] GET /api/v1/video-tasks/subtasks/by-account/counts?account_id=92a43fbb-08df-4401-81b7-c6af753b0c82 -> 200 (14.10ms)
2026-04-09 14:27:42,941 | INFO | uvicorn.access | 127.0.0.1:53088 - "GET /api/v1/video-tasks/subtasks/by-account/counts?account_id=92a43fbb-08df-4401-81b7-c6af753b0c82 HTTP/1.1" 200
2026-04-09 14:27:42,953 | INFO | app | [b289ea7e] GET /api/v1/video-tasks/subtasks/by-account?account_id=92a43fbb-08df-4401-81b7-c6af753b0c82&page=1&page_size=20&status=queued -> 200 (26.88ms)
2026-04-09 14:27:42,953 | INFO | uvicorn.access | 127.0.0.1:53087 - "GET /api/v1/video-tasks/subtasks/by-account?account_id=92a43fbb-08df-4401-81b7-c6af753b0c82&page=1&page_size=20&status=queued HTTP/1.1" 200
2026-04-09 14:27:45,873 | INFO | app | [f48e8d25] OPTIONS /api/v1/tiktok-bloggers -> 200 (1.41ms)
2026-04-09 14:27:45,873 | INFO | uvicorn.access | 127.0.0.1:53087 - "OPTIONS /api/v1/tiktok-bloggers HTTP/1.1" 200
2026-04-09 14:27:45,908 | INFO | app | [d49c0076] GET /api/v1/tiktok-bloggers -> 200 (34.11ms)
2026-04-09 14:27:45,909 | INFO | uvicorn.access | 127.0.0.1:53087 - "GET /api/v1/tiktok-bloggers HTTP/1.1" 200
2026-04-09 14:27:45,914 | INFO | app | [61f3bab8] OPTIONS /api/v1/video-tasks?page=1&page_size=20&target_date=2026-04-09 -> 200 (0.54ms)
2026-04-09 14:27:45,914 | INFO | uvicorn.access | 127.0.0.1:53087 - "OPTIONS /api/v1/video-tasks?page=1&page_size=20&target_date=2026-04-09 HTTP/1.1" 200
2026-04-09 14:27:45,915 | INFO | app | [08bec0eb] OPTIONS /api/v1/video-tasks/stats?target_date=2026-04-09 -> 200 (0.69ms)
2026-04-09 14:27:45,915 | INFO | uvicorn.access | 127.0.0.1:53088 - "OPTIONS /api/v1/video-tasks/stats?target_date=2026-04-09 HTTP/1.1" 200
2026-04-09 14:27:45,931 | INFO | app | [f3640ced] GET /api/v1/video-tasks/stats?target_date=2026-04-09 -> 200 (14.06ms)
2026-04-09 14:27:45,931 | INFO | uvicorn.access | 127.0.0.1:53087 - "GET /api/v1/video-tasks/stats?target_date=2026-04-09 HTTP/1.1" 200
2026-04-09 14:27:45,933 | INFO | app | [3cc8ac34] GET /api/v1/video-tasks?page=1&page_size=20&target_date=2026-04-09 -> 200 (16.90ms)
2026-04-09 14:27:45,933 | INFO | uvicorn.access | 127.0.0.1:53088 - "GET /api/v1/video-tasks?page=1&page_size=20&target_date=2026-04-09 HTTP/1.1" 200
2026-04-09 14:27:45,945 | INFO | app | [26c6ed5c] GET /api/v1/video-tasks/stats?target_date=2026-04-09 -> 200 (6.41ms)
2026-04-09 14:27:45,945 | INFO | uvicorn.access | 127.0.0.1:53088 - "GET /api/v1/video-tasks/stats?target_date=2026-04-09 HTTP/1.1" 200
2026-04-09 14:27:46,770 | INFO | app | [c7dd529d] OPTIONS /api/v1/flags -> 200 (0.85ms)
2026-04-09 14:27:46,770 | INFO | uvicorn.access | 127.0.0.1:53088 - "OPTIONS /api/v1/flags HTTP/1.1" 200
2026-04-09 14:27:46,770 | INFO | app | [9a7faf85] OPTIONS /api/v1/accounts?page=1&page_size=20 -> 200 (0.66ms)
2026-04-09 14:27:46,771 | INFO | uvicorn.access | 127.0.0.1:53087 - "OPTIONS /api/v1/accounts?page=1&page_size=20 HTTP/1.1" 200
2026-04-09 14:27:46,783 | INFO | app | [a4d9dab0] GET /api/v1/flags -> 200 (11.76ms)
2026-04-09 14:27:46,783 | INFO | uvicorn.access | 127.0.0.1:53087 - "GET /api/v1/flags HTTP/1.1" 200
2026-04-09 14:27:46,798 | INFO | app | [545fa3ac] GET /api/v1/accounts?page=1&page_size=20 -> 200 (26.46ms)
2026-04-09 14:27:46,799 | INFO | uvicorn.access | 127.0.0.1:53088 - "GET /api/v1/accounts?page=1&page_size=20 HTTP/1.1" 200
2026-04-09 14:27:47,996 | INFO | app | [c753cc36] GET /api/v1/tiktok-bloggers -> 200 (22.15ms)
2026-04-09 14:27:47,996 | INFO | uvicorn.access | 127.0.0.1:53088 - "GET /api/v1/tiktok-bloggers HTTP/1.1" 200
2026-04-09 14:27:48,022 | INFO | app | [4713af48] GET /api/v1/video-tasks/stats?target_date=2026-04-09 -> 200 (17.20ms)
2026-04-09 14:27:48,023 | INFO | uvicorn.access | 127.0.0.1:53087 - "GET /api/v1/video-tasks/stats?target_date=2026-04-09 HTTP/1.1" 200
2026-04-09 14:27:48,025 | INFO | app | [b368a39e] GET /api/v1/video-tasks?page=1&page_size=20&target_date=2026-04-09 -> 200 (19.73ms)
2026-04-09 14:27:48,025 | INFO | uvicorn.access | 127.0.0.1:53088 - "GET /api/v1/video-tasks?page=1&page_size=20&target_date=2026-04-09 HTTP/1.1" 200
2026-04-09 14:27:48,035 | INFO | app | [6469d555] GET /api/v1/video-tasks/stats?target_date=2026-04-09 -> 200 (7.31ms)
2026-04-09 14:27:48,036 | INFO | uvicorn.access | 127.0.0.1:53088 - "GET /api/v1/video-tasks/stats?target_date=2026-04-09 HTTP/1.1" 200
2026-04-09 14:27:51,673 | INFO | app | [7edf06f2] OPTIONS /api/v1/video-tasks?page=1&page_size=20&target_date=2026-04-10 -> 200 (0.58ms)
2026-04-09 14:27:51,675 | INFO | uvicorn.access | 127.0.0.1:53088 - "OPTIONS /api/v1/video-tasks?page=1&page_size=20&target_date=2026-04-10 HTTP/1.1" 200
2026-04-09 14:27:51,685 | INFO | app | [ee919b8f] GET /api/v1/video-tasks?page=1&page_size=20&target_date=2026-04-10 -> 200 (7.91ms)
2026-04-09 14:27:51,685 | INFO | uvicorn.access | 127.0.0.1:53088 - "GET /api/v1/video-tasks?page=1&page_size=20&target_date=2026-04-10 HTTP/1.1" 200
2026-04-09 14:27:51,690 | INFO | app | [c6f4a1c6] OPTIONS /api/v1/video-tasks/stats?target_date=2026-04-10 -> 200 (2.25ms)
2026-04-09 14:27:51,695 | INFO | uvicorn.access | 127.0.0.1:53088 - "OPTIONS /api/v1/video-tasks/stats?target_date=2026-04-10 HTTP/1.1" 200
2026-04-09 14:27:51,707 | INFO | app | [a7d47a4c] GET /api/v1/video-tasks/stats?target_date=2026-04-10 -> 200 (6.49ms)
2026-04-09 14:27:51,707 | INFO | uvicorn.access | 127.0.0.1:53088 - "GET /api/v1/video-tasks/stats?target_date=2026-04-10 HTTP/1.1" 200
2026-04-09 14:27:53,423 | INFO | app | [bd5bf254] GET /api/v1/video-tasks?page=1&page_size=20&target_date=2026-04-09 -> 200 (24.93ms)
2026-04-09 14:27:53,424 | INFO | uvicorn.access | 127.0.0.1:53088 - "GET /api/v1/video-tasks?page=1&page_size=20&target_date=2026-04-09 HTTP/1.1" 200
2026-04-09 14:27:53,435 | INFO | app | [01509be4] GET /api/v1/video-tasks/stats?target_date=2026-04-09 -> 200 (8.24ms)
2026-04-09 14:27:53,435 | INFO | uvicorn.access | 127.0.0.1:53088 - "GET /api/v1/video-tasks/stats?target_date=2026-04-09 HTTP/1.1" 200
2026-04-09 14:27:55,365 | INFO | app | [6d8c7076] GET /api/v1/video-tasks?page=1&page_size=20&target_date=2026-04-09 -> 200 (15.08ms)
2026-04-09 14:27:55,366 | INFO | uvicorn.access | 127.0.0.1:53088 - "GET /api/v1/video-tasks?page=1&page_size=20&target_date=2026-04-09 HTTP/1.1" 200
2026-04-09 14:27:55,377 | INFO | app | [75f66f7d] GET /api/v1/video-tasks/stats?target_date=2026-04-09 -> 200 (8.33ms)
2026-04-09 14:27:55,378 | INFO | uvicorn.access | 127.0.0.1:53088 - "GET /api/v1/video-tasks/stats?target_date=2026-04-09 HTTP/1.1" 200
2026-04-09 14:27:58,914 | INFO | app | [d5906699] OPTIONS /api/v1/video-tasks?page=1&page_size=20&target_date=2026-03-31 -> 200 (0.33ms)
2026-04-09 14:27:58,914 | INFO | uvicorn.access | 127.0.0.1:53088 - "OPTIONS /api/v1/video-tasks?page=1&page_size=20&target_date=2026-03-31 HTTP/1.1" 200
2026-04-09 14:27:58,968 | INFO | app | [6cdb430c] GET /api/v1/video-tasks?page=1&page_size=20&target_date=2026-03-31 -> 200 (51.69ms)
2026-04-09 14:27:58,968 | INFO | uvicorn.access | 127.0.0.1:53088 - "GET /api/v1/video-tasks?page=1&page_size=20&target_date=2026-03-31 HTTP/1.1" 200
2026-04-09 14:27:58,989 | INFO | app | [ca88564c] OPTIONS /api/v1/video-tasks/stats?target_date=2026-03-31 -> 200 (0.28ms)
2026-04-09 14:27:58,989 | INFO | uvicorn.access | 127.0.0.1:53088 - "OPTIONS /api/v1/video-tasks/stats?target_date=2026-03-31 HTTP/1.1" 200
2026-04-09 14:27:59,010 | INFO | app | [74a8226a] GET /api/v1/video-tasks/stats?target_date=2026-03-31 -> 200 (11.05ms)
2026-04-09 14:27:59,010 | INFO | uvicorn.access | 127.0.0.1:53088 - "GET /api/v1/video-tasks/stats?target_date=2026-03-31 HTTP/1.1" 200
2026-04-09 14:28:03,000 | INFO | app | [a1a39f46] OPTIONS /api/v1/video-tasks/afadcb2f-58fa-4562-aa52-c73258fdc2b5 -> 200 (0.93ms)
2026-04-09 14:28:03,001 | INFO | uvicorn.access | 127.0.0.1:53088 - "OPTIONS /api/v1/video-tasks/afadcb2f-58fa-4562-aa52-c73258fdc2b5 HTTP/1.1" 200
2026-04-09 14:28:03,058 | INFO | app | [24e3dc04] GET /api/v1/video-tasks/afadcb2f-58fa-4562-aa52-c73258fdc2b5 -> 200 (55.53ms)
2026-04-09 14:28:03,058 | INFO | uvicorn.access | 127.0.0.1:53088 - "GET /api/v1/video-tasks/afadcb2f-58fa-4562-aa52-c73258fdc2b5 HTTP/1.1" 200
2026-04-09 14:28:03,073 | INFO | app | [a591b82f] OPTIONS /api/v1/accounts/c673e254-5eae-4b87-a1d3-b247258476b4 -> 200 (0.19ms)
2026-04-09 14:28:03,073 | INFO | uvicorn.access | 127.0.0.1:53088 - "OPTIONS /api/v1/accounts/c673e254-5eae-4b87-a1d3-b247258476b4 HTTP/1.1" 200
2026-04-09 14:28:03,090 | INFO | app | [b6bb2dfe] GET /api/v1/accounts/c673e254-5eae-4b87-a1d3-b247258476b4 -> 200 (15.94ms)
2026-04-09 14:28:03,090 | INFO | uvicorn.access | 127.0.0.1:53088 - "GET /api/v1/accounts/c673e254-5eae-4b87-a1d3-b247258476b4 HTTP/1.1" 200
2026-04-09 14:28:03,093 | INFO | app | [84af1d1e] OPTIONS /api/v1/video-tasks/afadcb2f-58fa-4562-aa52-c73258fdc2b5/navigation -> 200 (0.28ms)
2026-04-09 14:28:03,093 | INFO | uvicorn.access | 127.0.0.1:53088 - "OPTIONS /api/v1/video-tasks/afadcb2f-58fa-4562-aa52-c73258fdc2b5/navigation HTTP/1.1" 200
2026-04-09 14:28:03,165 | INFO | app | [a741288d] GET /api/v1/video-tasks/afadcb2f-58fa-4562-aa52-c73258fdc2b5/navigation -> 200 (70.96ms)
2026-04-09 14:28:03,165 | INFO | uvicorn.access | 127.0.0.1:53088 - "GET /api/v1/video-tasks/afadcb2f-58fa-4562-aa52-c73258fdc2b5/navigation HTTP/1.1" 200
2026-04-09 14:28:31,271 | INFO | app | [e3efa097] GET /api/v1/tiktok-bloggers -> 200 (32.10ms)
2026-04-09 14:28:31,271 | INFO | uvicorn.access | 127.0.0.1:53325 - "GET /api/v1/tiktok-bloggers HTTP/1.1" 200
2026-04-09 14:28:31,284 | INFO | app | [ece85c51] GET /api/v1/video-tasks?page=1&page_size=20&target_date=2026-04-09 -> 200 (9.37ms)
2026-04-09 14:28:31,285 | INFO | uvicorn.access | 127.0.0.1:53325 - "GET /api/v1/video-tasks?page=1&page_size=20&target_date=2026-04-09 HTTP/1.1" 200
2026-04-09 14:28:31,285 | INFO | app | [8e2e9fc2] GET /api/v1/video-tasks/stats?target_date=2026-04-09 -> 200 (9.18ms)
2026-04-09 14:28:31,285 | INFO | uvicorn.access | 127.0.0.1:53331 - "GET /api/v1/video-tasks/stats?target_date=2026-04-09 HTTP/1.1" 200
2026-04-09 14:28:31,305 | INFO | app | [cf2dd189] GET /api/v1/video-tasks/stats?target_date=2026-04-09 -> 200 (17.24ms)
2026-04-09 14:28:31,306 | INFO | uvicorn.access | 127.0.0.1:53331 - "GET /api/v1/video-tasks/stats?target_date=2026-04-09 HTTP/1.1" 200
2026-04-09 14:28:32,101 | INFO | app | [e22fb3f0] GET /api/v1/flags -> 200 (13.25ms)
2026-04-09 14:28:32,101 | INFO | uvicorn.access | 127.0.0.1:53331 - "GET /api/v1/flags HTTP/1.1" 200
2026-04-09 14:28:32,127 | INFO | app | [82f720e6] GET /api/v1/accounts?page=1&page_size=20 -> 200 (38.87ms)
2026-04-09 14:28:32,127 | INFO | uvicorn.access | 127.0.0.1:53325 - "GET /api/v1/accounts?page=1&page_size=20 HTTP/1.1" 200
2026-04-09 14:29:51,072 | INFO | uvicorn.error | Shutting down
2026-04-09 14:29:51,179 | INFO | uvicorn.error | Waiting for application shutdown.
2026-04-09 14:29:51,181 | INFO | app.video_ai | Video AI queue processor stopped
2026-04-09 14:29:51,181 | INFO | app.ai_account | AI account queue processor stopped
2026-04-09 14:29:51,182 | INFO | app.video_publication_service | Video publication poller stopped
2026-04-09 14:29:51,182 | INFO | app.publication_metrics_scheduler | 【指标同步调度器】已停止
2026-04-09 14:29:51,182 | INFO | app.account_publish_scheduler | 【定时发布调度器】已停止
2026-04-09 14:29:51,182 | INFO | app.candidate_scheduler | 【候选库调度器】已停止
2026-04-09 14:29:51,182 | INFO | uvicorn.error | Application shutdown complete.
2026-04-09 14:29:51,183 | INFO | uvicorn.error | Finished server process [70157]
2026-04-09 14:29:53,091 | INFO | uvicorn.error | Started server process [71219]
2026-04-09 14:29:53,091 | INFO | uvicorn.error | Waiting for application startup.
2026-04-09 14:29:53,091 | INFO | app | Starting API with env=development db=postgresql+asyncpg://postgres:postgres@localhost:5432/task_manager
2026-04-09 14:29:53,182 | INFO | app.video_ai | Video AI queue processor started
2026-04-09 14:29:53,182 | INFO | app.ai_account | AI account queue processor started
2026-04-09 14:29:53,190 | INFO | app.video_publication_service | Video publication poller started
2026-04-09 14:29:53,190 | INFO | app.publication_metrics_scheduler | 【指标同步调度器】已启动
2026-04-09 14:29:53,190 | INFO | app.account_publish_scheduler | 【定时发布调度器】已启动，轮询间隔 60 秒
2026-04-09 14:29:53,190 | INFO | app.candidate_scheduler | 【候选库调度器】已启动
2026-04-09 14:29:53,197 | INFO | app.topics | No stuck keyword gen tasks found on startup
2026-04-09 14:29:53,254 | INFO | app.candidate_scheduler | 【候选库调度器】预填 _fired 完成，共 0 条
2026-04-09 14:29:53,264 | INFO | app.video_ai | No stuck video AI templates found on startup
2026-04-09 14:29:53,272 | INFO | app.video_source | No stuck video downloads found on startup
2026-04-09 14:29:53,297 | INFO | app.services.candidate_service | 【导入恢复】无中断的导入任务
2026-04-09 14:29:53,315 | INFO | app.services.candidate_service | 【全量审核】启动恢复：无中断的 AI 审核任务
2026-04-09 14:29:53,315 | INFO | uvicorn.error | Application startup complete.
2026-04-09 14:30:00,395 | INFO | uvicorn.error | Shutting down
2026-04-09 14:30:00,497 | INFO | uvicorn.error | Waiting for application shutdown.
2026-04-09 14:30:00,498 | INFO | app.video_ai | Video AI queue processor stopped
2026-04-09 14:30:00,498 | INFO | app.ai_account | AI account queue processor stopped
2026-04-09 14:30:00,498 | INFO | app.video_publication_service | Video publication poller stopped
2026-04-09 14:30:00,498 | INFO | app.publication_metrics_scheduler | 【指标同步调度器】已停止
2026-04-09 14:30:00,498 | INFO | app.account_publish_scheduler | 【定时发布调度器】已停止
2026-04-09 14:30:00,498 | INFO | app.candidate_scheduler | 【候选库调度器】已停止
2026-04-09 14:30:00,499 | INFO | uvicorn.error | Application shutdown complete.
2026-04-09 14:30:00,499 | INFO | uvicorn.error | Finished server process [71219]
2026-04-09 14:30:02,079 | INFO | uvicorn.error | Started server process [71312]
2026-04-09 14:30:02,079 | INFO | uvicorn.error | Waiting for application startup.
2026-04-09 14:30:02,079 | INFO | app | Starting API with env=development db=postgresql+asyncpg://postgres:postgres@localhost:5432/task_manager
2026-04-09 14:30:02,179 | INFO | app.video_ai | Video AI queue processor started
2026-04-09 14:30:02,179 | INFO | app.ai_account | AI account queue processor started
2026-04-09 14:30:02,189 | INFO | app.video_publication_service | Video publication poller started
2026-04-09 14:30:02,189 | INFO | app.publication_metrics_scheduler | 【指标同步调度器】已启动
2026-04-09 14:30:02,189 | INFO | app.account_publish_scheduler | 【定时发布调度器】已启动，轮询间隔 60 秒
2026-04-09 14:30:02,189 | INFO | app.candidate_scheduler | 【候选库调度器】已启动
2026-04-09 14:30:02,222 | INFO | app.topics | No stuck keyword gen tasks found on startup
2026-04-09 14:30:02,250 | INFO | app.candidate_scheduler | 【候选库调度器】预填 _fired 完成，共 0 条
2026-04-09 14:30:02,259 | INFO | app.video_ai | No stuck video AI templates found on startup
2026-04-09 14:30:02,266 | INFO | app.video_source | No stuck video downloads found on startup
2026-04-09 14:30:02,293 | INFO | app.services.candidate_service | 【导入恢复】无中断的导入任务
2026-04-09 14:30:02,318 | INFO | app.services.candidate_service | 【全量审核】启动恢复：无中断的 AI 审核任务
2026-04-09 14:30:02,318 | INFO | uvicorn.error | Application startup complete.
2026-04-09 14:30:12,838 | INFO | uvicorn.error | Shutting down
2026-04-09 14:30:12,942 | INFO | uvicorn.error | Waiting for application shutdown.
2026-04-09 14:30:12,944 | INFO | app.video_ai | Video AI queue processor stopped
2026-04-09 14:30:12,945 | INFO | app.ai_account | AI account queue processor stopped
2026-04-09 14:30:12,945 | INFO | app.video_publication_service | Video publication poller stopped
2026-04-09 14:30:12,950 | INFO | app.publication_metrics_scheduler | 【指标同步调度器】已停止
2026-04-09 14:30:12,952 | INFO | app.account_publish_scheduler | 【定时发布调度器】已停止
2026-04-09 14:30:12,952 | INFO | app.candidate_scheduler | 【候选库调度器】已停止
2026-04-09 14:30:12,953 | INFO | uvicorn.error | Application shutdown complete.
2026-04-09 14:30:12,953 | INFO | uvicorn.error | Finished server process [71312]
2026-04-09 14:30:14,563 | INFO | uvicorn.error | Started server process [71645]
2026-04-09 14:30:14,564 | INFO | uvicorn.error | Waiting for application startup.
2026-04-09 14:30:14,564 | INFO | app | Starting API with env=development db=postgresql+asyncpg://postgres:postgres@localhost:5432/task_manager
2026-04-09 14:30:14,657 | INFO | app.video_ai | Video AI queue processor started
2026-04-09 14:30:14,657 | INFO | app.ai_account | AI account queue processor started
2026-04-09 14:30:14,663 | INFO | app.video_publication_service | Video publication poller started
2026-04-09 14:30:14,663 | INFO | app.publication_metrics_scheduler | 【指标同步调度器】已启动
2026-04-09 14:30:14,663 | INFO | app.account_publish_scheduler | 【定时发布调度器】已启动，轮询间隔 60 秒
2026-04-09 14:30:14,663 | INFO | app.candidate_scheduler | 【候选库调度器】已启动
2026-04-09 14:30:14,668 | INFO | app.topics | No stuck keyword gen tasks found on startup
2026-04-09 14:30:14,729 | INFO | app.candidate_scheduler | 【候选库调度器】预填 _fired 完成，共 0 条
2026-04-09 14:30:14,738 | INFO | app.video_ai | No stuck video AI templates found on startup
2026-04-09 14:30:14,746 | INFO | app.video_source | No stuck video downloads found on startup
2026-04-09 14:30:14,764 | INFO | app.services.candidate_service | 【导入恢复】无中断的导入任务
2026-04-09 14:30:14,779 | INFO | app.services.candidate_service | 【全量审核】启动恢复：无中断的 AI 审核任务
2026-04-09 14:30:14,779 | INFO | uvicorn.error | Application startup complete.
2026-04-09 14:30:28,419 | INFO | app | [e6391dfb] GET /api/v1/flags -> 200 (38.67ms)
2026-04-09 14:30:28,420 | INFO | uvicorn.access | 127.0.0.1:53919 - "GET /api/v1/flags HTTP/1.1" 200
2026-04-09 14:30:28,456 | INFO | app | [f3b85be1] GET /api/v1/accounts?page=1&page_size=20 -> 200 (71.04ms)
2026-04-09 14:30:28,456 | INFO | uvicorn.access | 127.0.0.1:53920 - "GET /api/v1/accounts?page=1&page_size=20 HTTP/1.1" 200
2026-04-09 14:32:21,461 | INFO | app | [32ab44e2] GET /api/v1/auth/profile -> 200 (50.29ms)
2026-04-09 14:32:21,462 | INFO | uvicorn.access | 127.0.0.1:54470 - "GET /api/v1/auth/profile HTTP/1.1" 200
2026-04-09 14:32:21,462 | INFO | app | [a037a050] GET /api/v1/flags -> 200 (42.94ms)
2026-04-09 14:32:21,462 | INFO | uvicorn.access | 127.0.0.1:54471 - "GET /api/v1/flags HTTP/1.1" 200
2026-04-09 14:32:21,481 | INFO | app | [a1a103c9] GET /api/v1/accounts?page=1&page_size=20 -> 200 (60.45ms)
2026-04-09 14:32:21,482 | INFO | uvicorn.access | 127.0.0.1:54473 - "GET /api/v1/accounts?page=1&page_size=20 HTTP/1.1" 200
2026-04-09 14:32:23,376 | INFO | app | [92533051] GET /api/v1/accounts/92a43fbb-08df-4401-81b7-c6af753b0c82 -> 200 (53.89ms)
2026-04-09 14:32:23,377 | INFO | uvicorn.access | 127.0.0.1:54473 - "GET /api/v1/accounts/92a43fbb-08df-4401-81b7-c6af753b0c82 HTTP/1.1" 200
2026-04-09 14:32:23,419 | INFO | app | [f9368c6f] GET /api/v1/video-tasks/subtasks/by-account/counts?account_id=92a43fbb-08df-4401-81b7-c6af753b0c82 -> 200 (27.96ms)
2026-04-09 14:32:23,419 | INFO | uvicorn.access | 127.0.0.1:54471 - "GET /api/v1/video-tasks/subtasks/by-account/counts?account_id=92a43fbb-08df-4401-81b7-c6af753b0c82 HTTP/1.1" 200
2026-04-09 14:32:23,431 | INFO | app | [caa85ea7] GET /api/v1/video-tasks/subtasks/by-account?account_id=92a43fbb-08df-4401-81b7-c6af753b0c82&page=1&page_size=20&status=pending_publish -> 200 (41.46ms)
2026-04-09 14:32:23,431 | INFO | uvicorn.access | 127.0.0.1:54473 - "GET /api/v1/video-tasks/subtasks/by-account?account_id=92a43fbb-08df-4401-81b7-c6af753b0c82&page=1&page_size=20&status=pending_publish HTTP/1.1" 200
2026-04-09 14:32:24,480 | INFO | app | [1ea74ded] GET /api/v1/video-tasks/subtasks/by-account/counts?account_id=92a43fbb-08df-4401-81b7-c6af753b0c82 -> 200 (16.88ms)
2026-04-09 14:32:24,480 | INFO | uvicorn.access | 127.0.0.1:54471 - "GET /api/v1/video-tasks/subtasks/by-account/counts?account_id=92a43fbb-08df-4401-81b7-c6af753b0c82 HTTP/1.1" 200
2026-04-09 14:32:24,502 | INFO | app | [1e935258] GET /api/v1/video-tasks/subtasks/by-account?account_id=92a43fbb-08df-4401-81b7-c6af753b0c82&page=1&page_size=20&status=queued -> 200 (40.04ms)
2026-04-09 14:32:24,502 | INFO | uvicorn.access | 127.0.0.1:54473 - "GET /api/v1/video-tasks/subtasks/by-account?account_id=92a43fbb-08df-4401-81b7-c6af753b0c82&page=1&page_size=20&status=queued HTTP/1.1" 200
2026-04-09 14:32:27,929 | INFO | app | [256ccb6e] OPTIONS /api/v1/video-tasks/subtasks/d1258011-1e51-40a3-a861-01579c60d39a/regenerate-publish-meta -> 200 (5.95ms)
2026-04-09 14:32:27,930 | INFO | uvicorn.access | 127.0.0.1:54473 - "OPTIONS /api/v1/video-tasks/subtasks/d1258011-1e51-40a3-a861-01579c60d39a/regenerate-publish-meta HTTP/1.1" 200
2026-04-09 14:32:28,001 | INFO | app | [81fc167f] POST /api/v1/video-tasks/subtasks/d1258011-1e51-40a3-a861-01579c60d39a/regenerate-publish-meta -> 200 (69.31ms)
2026-04-09 14:32:28,001 | INFO | uvicorn.access | 127.0.0.1:54473 - "POST /api/v1/video-tasks/subtasks/d1258011-1e51-40a3-a861-01579c60d39a/regenerate-publish-meta HTTP/1.1" 200
2026-04-09 14:32:28,116 | INFO | app.google_api | Google SDK text request: model=gemini-3.1-pro-preview, api_key=AIzaSyCN...hrcU, video=True, prompt=为这个即将发布在YouTube Shorts的视频 针对北美地区设计一个 title（100个词以内） 和 description（100个词以内），要尽可能地简短。hashtag是这个视频的标题，只能3-5个，不能超过5个。

---
请严格按照以下 JSON 格式输出，不要输出任何其他内容，不要有 markdown 代码块包裹：
{
  "title": "视频标题（简洁吸引人，不超过100字
2026-04-09 14:32:28,116 | INFO | google_genai.models | AFC is enabled with max remote calls: 10.
2026-04-09 14:32:31,384 | INFO | app | [ec978f0a] GET /api/v1/auth/profile -> 200 (17.77ms)
2026-04-09 14:32:31,384 | INFO | uvicorn.access | 127.0.0.1:54473 - "GET /api/v1/auth/profile HTTP/1.1" 200
2026-04-09 14:32:31,411 | INFO | app | [2bf1b224] GET /api/v1/accounts/92a43fbb-08df-4401-81b7-c6af753b0c82 -> 200 (43.85ms)
2026-04-09 14:32:31,411 | INFO | uvicorn.access | 127.0.0.1:54524 - "GET /api/v1/accounts/92a43fbb-08df-4401-81b7-c6af753b0c82 HTTP/1.1" 200
2026-04-09 14:32:31,451 | INFO | app | [cd4c0777] GET /api/v1/video-tasks/subtasks/by-account/counts?account_id=92a43fbb-08df-4401-81b7-c6af753b0c82 -> 200 (13.84ms)
2026-04-09 14:32:31,451 | INFO | uvicorn.access | 127.0.0.1:54473 - "GET /api/v1/video-tasks/subtasks/by-account/counts?account_id=92a43fbb-08df-4401-81b7-c6af753b0c82 HTTP/1.1" 200
2026-04-09 14:32:31,456 | INFO | app | [ad42a130] GET /api/v1/video-tasks/subtasks/by-account?account_id=92a43fbb-08df-4401-81b7-c6af753b0c82&page=1&page_size=20&status=pending_publish -> 200 (18.92ms)
2026-04-09 14:32:31,456 | INFO | uvicorn.access | 127.0.0.1:54524 - "GET /api/v1/video-tasks/subtasks/by-account?account_id=92a43fbb-08df-4401-81b7-c6af753b0c82&page=1&page_size=20&status=pending_publish HTTP/1.1" 200
2026-04-09 14:32:32,939 | INFO | app | [c6a515a9] GET /api/v1/video-tasks/subtasks/by-account/counts?account_id=92a43fbb-08df-4401-81b7-c6af753b0c82 -> 200 (12.75ms)
2026-04-09 14:32:32,939 | INFO | uvicorn.access | 127.0.0.1:54473 - "GET /api/v1/video-tasks/subtasks/by-account/counts?account_id=92a43fbb-08df-4401-81b7-c6af753b0c82 HTTP/1.1" 200
2026-04-09 14:32:32,945 | INFO | app | [0862c513] GET /api/v1/video-tasks/subtasks/by-account?account_id=92a43fbb-08df-4401-81b7-c6af753b0c82&page=1&page_size=20&status=queued -> 200 (18.95ms)
2026-04-09 14:32:32,945 | INFO | uvicorn.access | 127.0.0.1:54524 - "GET /api/v1/video-tasks/subtasks/by-account?account_id=92a43fbb-08df-4401-81b7-c6af753b0c82&page=1&page_size=20&status=queued HTTP/1.1" 200
2026-04-09 14:32:57,452 | INFO | httpx | HTTP Request: POST https://generativelanguage.googleapis.com/v1beta/models/gemini-3.1-pro-preview:generateContent "HTTP/1.1 200 OK"
2026-04-09 14:32:57,471 | INFO | app.google_api | Google SDK text response: {
  "title": "My Nighttime Hand Care Routine for Soft Hands ✨",
  "desc": "Sharing my daily nighttime hand care routine! 🧴 First, I use a non-greasy hand cream with hyaluronic acid that absorbs super fast and smells like a spa. It's amazing for keeping my hands hydrated. Then, I apply cuticle oil to all my nails and massage it in. 💅 I do this every single night before bed for the best results. Try this out for perfect, healthy hands! ✨",
  "hashtag": [
    "handcare",
    "handcareroutine",
    
2026-04-09 14:32:57,472 | INFO | app.publish_meta_service | 【AI预生成标题】原始响应（第1次）：{
  "title": "My Nighttime Hand Care Routine for Soft Hands ✨",
  "desc": "Sharing my daily nighttime hand care routine! 🧴 First, I use a non-greasy hand cream with hyaluronic acid that absorbs super fast and smells like a spa. It's amazing for keeping my hands hydrated. Then, I apply cuticle oil to all my nails and massage it in. 💅 I do this every single night before bed for the best results. Try this out for perfect, healthy hands! ✨",
  "hashtag": [
    "handcare",
    "handcareroutine",
    
2026-04-09 14:32:57,472 | INFO | app.publish_meta_service | 【AI预生成标题】成功（第1次） → 'My Nighttime Hand Care Routine for Soft Hands ✨'
2026-04-09 14:32:57,531 | INFO | app.publish_meta_service | 【AI预生成标题】子任务 d1258011-1e51-40a3-a861-01579c60d39a 完成，状态: done
2026-04-09 14:33:14,411 | INFO | app | [80a13a3f] GET /api/v1/auth/profile -> 200 (37.38ms)
2026-04-09 14:33:14,411 | INFO | uvicorn.access | 127.0.0.1:54761 - "GET /api/v1/auth/profile HTTP/1.1" 200
2026-04-09 14:33:14,427 | INFO | app | [4aab4550] GET /api/v1/accounts/92a43fbb-08df-4401-81b7-c6af753b0c82 -> 200 (50.71ms)
2026-04-09 14:33:14,427 | INFO | uvicorn.access | 127.0.0.1:54762 - "GET /api/v1/accounts/92a43fbb-08df-4401-81b7-c6af753b0c82 HTTP/1.1" 200
2026-04-09 14:33:14,459 | INFO | app | [97a685ef] GET /api/v1/video-tasks/subtasks/by-account/counts?account_id=92a43fbb-08df-4401-81b7-c6af753b0c82 -> 200 (20.48ms)
2026-04-09 14:33:14,460 | INFO | uvicorn.access | 127.0.0.1:54761 - "GET /api/v1/video-tasks/subtasks/by-account/counts?account_id=92a43fbb-08df-4401-81b7-c6af753b0c82 HTTP/1.1" 200
2026-04-09 14:33:14,462 | INFO | app | [e2d69719] GET /api/v1/video-tasks/subtasks/by-account?account_id=92a43fbb-08df-4401-81b7-c6af753b0c82&page=1&page_size=20&status=pending_publish -> 200 (25.17ms)
2026-04-09 14:33:14,462 | INFO | uvicorn.access | 127.0.0.1:54762 - "GET /api/v1/video-tasks/subtasks/by-account?account_id=92a43fbb-08df-4401-81b7-c6af753b0c82&page=1&page_size=20&status=pending_publish HTTP/1.1" 200
2026-04-09 14:33:15,885 | INFO | app | [32c330fb] GET /api/v1/video-tasks/subtasks/by-account/counts?account_id=92a43fbb-08df-4401-81b7-c6af753b0c82 -> 200 (9.49ms)
2026-04-09 14:33:15,885 | INFO | uvicorn.access | 127.0.0.1:54761 - "GET /api/v1/video-tasks/subtasks/by-account/counts?account_id=92a43fbb-08df-4401-81b7-c6af753b0c82 HTTP/1.1" 200
2026-04-09 14:33:15,888 | INFO | app | [bb3da63c] GET /api/v1/video-tasks/subtasks/by-account?account_id=92a43fbb-08df-4401-81b7-c6af753b0c82&page=1&page_size=20&status=queued -> 200 (13.40ms)
2026-04-09 14:33:15,888 | INFO | uvicorn.access | 127.0.0.1:54762 - "GET /api/v1/video-tasks/subtasks/by-account?account_id=92a43fbb-08df-4401-81b7-c6af753b0c82&page=1&page_size=20&status=queued HTTP/1.1" 200
2026-04-09 14:33:27,770 | INFO | uvicorn.error | Shutting down
2026-04-09 14:33:27,872 | INFO | uvicorn.error | Waiting for application shutdown.
2026-04-09 14:33:27,875 | INFO | app.video_ai | Video AI queue processor stopped
2026-04-09 14:33:27,876 | INFO | app.ai_account | AI account queue processor stopped
2026-04-09 14:33:27,876 | INFO | app.video_publication_service | Video publication poller stopped
2026-04-09 14:33:27,877 | INFO | app.publication_metrics_scheduler | 【指标同步调度器】已停止
2026-04-09 14:33:27,877 | INFO | app.account_publish_scheduler | 【定时发布调度器】已停止
2026-04-09 14:33:27,877 | INFO | app.candidate_scheduler | 【候选库调度器】已停止
2026-04-09 14:33:27,877 | INFO | uvicorn.error | Application shutdown complete.
2026-04-09 14:33:27,877 | INFO | uvicorn.error | Finished server process [71645]
2026-04-09 14:33:30,749 | INFO | uvicorn.error | Started server process [73668]
2026-04-09 14:33:30,749 | INFO | uvicorn.error | Waiting for application startup.
2026-04-09 14:33:30,749 | INFO | app | Starting API with env=development db=postgresql+asyncpg://postgres:postgres@localhost:5432/task_manager
2026-04-09 14:33:30,866 | INFO | app.video_ai | Video AI queue processor started
2026-04-09 14:33:30,866 | INFO | app.ai_account | AI account queue processor started
2026-04-09 14:33:30,871 | INFO | app.video_publication_service | Video publication poller started
2026-04-09 14:33:30,871 | INFO | app.publication_metrics_scheduler | 【指标同步调度器】已启动
2026-04-09 14:33:30,871 | INFO | app.account_publish_scheduler | 【定时发布调度器】已启动，轮询间隔 60 秒
2026-04-09 14:33:30,871 | INFO | app.candidate_scheduler | 【候选库调度器】已启动
2026-04-09 14:33:30,876 | INFO | app.topics | No stuck keyword gen tasks found on startup
2026-04-09 14:33:30,952 | INFO | app.video_ai | No stuck video AI templates found on startup
2026-04-09 14:33:30,962 | INFO | app.candidate_scheduler | 【候选库调度器】预填 _fired 完成，共 0 条
2026-04-09 14:33:30,963 | INFO | app.video_source | No stuck video downloads found on startup
2026-04-09 14:33:30,972 | INFO | app.services.candidate_service | 【导入恢复】无中断的导入任务
2026-04-09 14:33:30,997 | INFO | app.services.candidate_service | 【全量审核】启动恢复：无中断的 AI 审核任务
2026-04-09 14:33:30,998 | INFO | uvicorn.error | Application startup complete.
2026-04-09 14:33:34,856 | INFO | uvicorn.error | Shutting down
2026-04-09 14:33:34,958 | INFO | uvicorn.error | Waiting for application shutdown.
2026-04-09 14:33:34,959 | INFO | app.video_ai | Video AI queue processor stopped
2026-04-09 14:33:34,959 | INFO | app.ai_account | AI account queue processor stopped
2026-04-09 14:33:34,959 | INFO | app.video_publication_service | Video publication poller stopped
2026-04-09 14:33:34,959 | INFO | app.publication_metrics_scheduler | 【指标同步调度器】已停止
2026-04-09 14:33:34,959 | INFO | app.account_publish_scheduler | 【定时发布调度器】已停止
2026-04-09 14:33:34,959 | INFO | app.candidate_scheduler | 【候选库调度器】已停止
2026-04-09 14:33:34,960 | INFO | uvicorn.error | Application shutdown complete.
2026-04-09 14:33:34,960 | INFO | uvicorn.error | Finished server process [73668]
2026-04-09 14:33:36,570 | INFO | uvicorn.error | Started server process [73911]
2026-04-09 14:33:36,570 | INFO | uvicorn.error | Waiting for application startup.
2026-04-09 14:33:36,570 | INFO | app | Starting API with env=development db=postgresql+asyncpg://postgres:postgres@localhost:5432/task_manager
2026-04-09 14:33:36,661 | INFO | app.video_ai | Video AI queue processor started
2026-04-09 14:33:36,661 | INFO | app.ai_account | AI account queue processor started
2026-04-09 14:33:36,667 | INFO | app.video_publication_service | Video publication poller started
2026-04-09 14:33:36,667 | INFO | app.publication_metrics_scheduler | 【指标同步调度器】已启动
2026-04-09 14:33:36,667 | INFO | app.account_publish_scheduler | 【定时发布调度器】已启动，轮询间隔 60 秒
2026-04-09 14:33:36,668 | INFO | app.candidate_scheduler | 【候选库调度器】已启动
2026-04-09 14:33:36,675 | INFO | app.topics | No stuck keyword gen tasks found on startup
2026-04-09 14:33:36,732 | INFO | app.candidate_scheduler | 【候选库调度器】预填 _fired 完成，共 0 条
2026-04-09 14:33:36,736 | INFO | app.video_ai | No stuck video AI templates found on startup
2026-04-09 14:33:36,746 | INFO | app.video_source | No stuck video downloads found on startup
2026-04-09 14:33:36,767 | INFO | app.services.candidate_service | 【导入恢复】无中断的导入任务
2026-04-09 14:33:36,790 | INFO | app.services.candidate_service | 【全量审核】启动恢复：无中断的 AI 审核任务
2026-04-09 14:33:36,790 | INFO | uvicorn.error | Application startup complete.
2026-04-09 14:35:16,214 | INFO | app | [0e7d3449] GET /api/v1/accounts/92a43fbb-08df-4401-81b7-c6af753b0c82 -> 200 (36.89ms)
2026-04-09 14:35:16,215 | INFO | uvicorn.access | 127.0.0.1:55353 - "GET /api/v1/accounts/92a43fbb-08df-4401-81b7-c6af753b0c82 HTTP/1.1" 200
2026-04-09 14:35:16,260 | INFO | app | [02c428d3] GET /api/v1/video-tasks/subtasks/by-account/counts?account_id=92a43fbb-08df-4401-81b7-c6af753b0c82 -> 200 (37.18ms)
2026-04-09 14:35:16,261 | INFO | uvicorn.access | 127.0.0.1:55356 - "GET /api/v1/video-tasks/subtasks/by-account/counts?account_id=92a43fbb-08df-4401-81b7-c6af753b0c82 HTTP/1.1" 200
2026-04-09 14:35:16,263 | INFO | app | [b9b7f432] GET /api/v1/video-tasks/subtasks/by-account?account_id=92a43fbb-08df-4401-81b7-c6af753b0c82&page=1&page_size=20&status=pending_publish -> 200 (40.00ms)
2026-04-09 14:35:16,263 | INFO | uvicorn.access | 127.0.0.1:55353 - "GET /api/v1/video-tasks/subtasks/by-account?account_id=92a43fbb-08df-4401-81b7-c6af753b0c82&page=1&page_size=20&status=pending_publish HTTP/1.1" 200
2026-04-09 14:35:26,474 | INFO | app | [dc5bda9d] GET /api/v1/accounts/92a43fbb-08df-4401-81b7-c6af753b0c82 -> 200 (48.25ms)
2026-04-09 14:35:26,474 | INFO | uvicorn.access | 127.0.0.1:55401 - "GET /api/v1/accounts/92a43fbb-08df-4401-81b7-c6af753b0c82 HTTP/1.1" 200
2026-04-09 14:35:26,499 | INFO | app | [cf00b6fb] GET /api/v1/video-tasks/subtasks/by-account/counts?account_id=92a43fbb-08df-4401-81b7-c6af753b0c82 -> 200 (15.76ms)
2026-04-09 14:35:26,500 | INFO | uvicorn.access | 127.0.0.1:55403 - "GET /api/v1/video-tasks/subtasks/by-account/counts?account_id=92a43fbb-08df-4401-81b7-c6af753b0c82 HTTP/1.1" 200
2026-04-09 14:35:26,519 | INFO | app | [86840692] GET /api/v1/video-tasks/subtasks/by-account?account_id=92a43fbb-08df-4401-81b7-c6af753b0c82&page=1&page_size=20&status=pending_publish -> 200 (36.53ms)
2026-04-09 14:35:26,519 | INFO | uvicorn.access | 127.0.0.1:55401 - "GET /api/v1/video-tasks/subtasks/by-account?account_id=92a43fbb-08df-4401-81b7-c6af753b0c82&page=1&page_size=20&status=pending_publish HTTP/1.1" 200
2026-04-09 14:35:27,417 | INFO | app | [186b36d4] GET /api/v1/video-tasks/subtasks/by-account/counts?account_id=92a43fbb-08df-4401-81b7-c6af753b0c82 -> 200 (36.69ms)
2026-04-09 14:35:27,417 | INFO | uvicorn.access | 127.0.0.1:55403 - "GET /api/v1/video-tasks/subtasks/by-account/counts?account_id=92a43fbb-08df-4401-81b7-c6af753b0c82 HTTP/1.1" 200
2026-04-09 14:35:27,456 | INFO | app | [9b83f15f] GET /api/v1/video-tasks/subtasks/by-account?account_id=92a43fbb-08df-4401-81b7-c6af753b0c82&page=1&page_size=20&status=queued -> 200 (77.28ms)
2026-04-09 14:35:27,457 | INFO | uvicorn.access | 127.0.0.1:55401 - "GET /api/v1/video-tasks/subtasks/by-account?account_id=92a43fbb-08df-4401-81b7-c6af753b0c82&page=1&page_size=20&status=queued HTTP/1.1" 200
2026-04-09 14:36:21,569 | INFO | app | [550c6bd4] POST /api/v1/video-tasks/subtasks/d1258011-1e51-40a3-a861-01579c60d39a/regenerate-publish-meta -> 200 (80.67ms)
2026-04-09 14:36:21,569 | INFO | uvicorn.access | 127.0.0.1:55677 - "POST /api/v1/video-tasks/subtasks/d1258011-1e51-40a3-a861-01579c60d39a/regenerate-publish-meta HTTP/1.1" 200
2026-04-09 14:36:21,604 | INFO | app.publish_meta_service | 【AI预生成标题】子任务 d1258011-1e51-40a3-a861-01579c60d39a 开始生成标题，视频: https://cdn.alvinclub.com/videos/uploads/2026-04-01/49baae9999f2_2026-04-01_aed5
2026-04-09 14:36:21,604 | INFO | app.publish_meta_service | 【AI预生成标题】第1次调用 Gemini API，模型: gemini-3.1-pro-preview
2026-04-09 14:36:21,686 | INFO | app.google_api | Google SDK text request: model=gemini-3.1-pro-preview, api_key=AIzaSyCN...hrcU, video=True, prompt=为这个即将发布在YouTube Shorts的视频 针对北美地区设计一个 title（100个词以内） 和 description（100个词以内），要尽可能地简短。hashtag是这个视频的标题，只能3-5个，不能超过5个。

---
请严格按照以下 JSON 格式输出，不要输出任何其他内容，不要有 markdown 代码块包裹：
{
  "title": "视频标题（简洁吸引人，不超过100字
2026-04-09 14:36:21,686 | INFO | google_genai.models | AFC is enabled with max remote calls: 10.
2026-04-09 14:36:46,965 | INFO | httpx | HTTP Request: POST https://generativelanguage.googleapis.com/v1beta/models/gemini-3.1-pro-preview:generateContent "HTTP/1.1 200 OK"
2026-04-09 14:36:46,983 | INFO | app.google_api | Google SDK text response: {
  "title": "My Daily Hand Care Routine for Soft Hands ✨",
  "desc": "Want soft, spa-like hands? ✨ Here is my daily hand care routine! I use a non-greasy hand cream with hyaluronic acid right after showering to keep my skin hydrated. Then, I apply cuticle oil every night before bed for healthy nails. 💅 Try this simple routine for the softest hands ever!",
  "hashtag": ["HandCare", "BeautyRoutine", "Skincare", "NailCare"]
}
2026-04-09 14:36:46,984 | INFO | app.publish_meta_service | 【AI预生成标题】原始响应（第1次）：{
  "title": "My Daily Hand Care Routine for Soft Hands ✨",
  "desc": "Want soft, spa-like hands? ✨ Here is my daily hand care routine! I use a non-greasy hand cream with hyaluronic acid right after showering to keep my skin hydrated. Then, I apply cuticle oil every night before bed for healthy nails. 💅 Try this simple routine for the softest hands ever!",
  "hashtag": ["HandCare", "BeautyRoutine", "Skincare", "NailCare"]
}
2026-04-09 14:36:46,985 | INFO | app.publish_meta_service | 【AI预生成标题】成功（第1次） → 'My Daily Hand Care Routine for Soft Hands ✨'
2026-04-09 14:36:47,036 | INFO | app.publish_meta_service | 【AI预生成标题】子任务 d1258011-1e51-40a3-a861-01579c60d39a 完成，状态: done
2026-04-09 14:36:51,022 | INFO | app | [549be9b6] GET /api/v1/auth/profile -> 200 (68.44ms)
2026-04-09 14:36:51,023 | INFO | uvicorn.access | 127.0.0.1:55835 - "GET /api/v1/auth/profile HTTP/1.1" 200
2026-04-09 14:36:51,032 | INFO | app | [1113aae8] GET /api/v1/accounts/92a43fbb-08df-4401-81b7-c6af753b0c82 -> 200 (72.12ms)
2026-04-09 14:36:51,032 | INFO | uvicorn.access | 127.0.0.1:55836 - "GET /api/v1/accounts/92a43fbb-08df-4401-81b7-c6af753b0c82 HTTP/1.1" 200
2026-04-09 14:36:51,052 | INFO | app | [546b1b89] OPTIONS /api/v1/video-tasks/subtasks/by-account/counts?account_id=92a43fbb-08df-4401-81b7-c6af753b0c82 -> 200 (0.48ms)
2026-04-09 14:36:51,054 | INFO | uvicorn.access | 127.0.0.1:55835 - "OPTIONS /api/v1/video-tasks/subtasks/by-account/counts?account_id=92a43fbb-08df-4401-81b7-c6af753b0c82 HTTP/1.1" 200
2026-04-09 14:36:51,102 | INFO | app | [f9bfc24d] GET /api/v1/video-tasks/subtasks/by-account/counts?account_id=92a43fbb-08df-4401-81b7-c6af753b0c82 -> 200 (38.57ms)
2026-04-09 14:36:51,102 | INFO | uvicorn.access | 127.0.0.1:55835 - "GET /api/v1/video-tasks/subtasks/by-account/counts?account_id=92a43fbb-08df-4401-81b7-c6af753b0c82 HTTP/1.1" 200
2026-04-09 14:36:51,105 | INFO | app | [b8612960] GET /api/v1/video-tasks/subtasks/by-account?account_id=92a43fbb-08df-4401-81b7-c6af753b0c82&page=1&page_size=20&status=pending_publish -> 200 (53.88ms)
2026-04-09 14:36:51,105 | INFO | uvicorn.access | 127.0.0.1:55836 - "GET /api/v1/video-tasks/subtasks/by-account?account_id=92a43fbb-08df-4401-81b7-c6af753b0c82&page=1&page_size=20&status=pending_publish HTTP/1.1" 200
2026-04-09 14:36:52,363 | INFO | app | [5e9d4a46] OPTIONS /api/v1/video-tasks/subtasks/by-account?account_id=92a43fbb-08df-4401-81b7-c6af753b0c82&page=1&page_size=20&status=queued -> 200 (2.05ms)
2026-04-09 14:36:52,363 | INFO | uvicorn.access | 127.0.0.1:55836 - "OPTIONS /api/v1/video-tasks/subtasks/by-account?account_id=92a43fbb-08df-4401-81b7-c6af753b0c82&page=1&page_size=20&status=queued HTTP/1.1" 200
2026-04-09 14:36:52,376 | INFO | app | [5cdf3101] GET /api/v1/video-tasks/subtasks/by-account/counts?account_id=92a43fbb-08df-4401-81b7-c6af753b0c82 -> 200 (14.17ms)
2026-04-09 14:36:52,376 | INFO | uvicorn.access | 127.0.0.1:55835 - "GET /api/v1/video-tasks/subtasks/by-account/counts?account_id=92a43fbb-08df-4401-81b7-c6af753b0c82 HTTP/1.1" 200
2026-04-09 14:36:52,385 | INFO | app | [fe191547] GET /api/v1/video-tasks/subtasks/by-account?account_id=92a43fbb-08df-4401-81b7-c6af753b0c82&page=1&page_size=20&status=queued -> 200 (19.43ms)
2026-04-09 14:36:52,385 | INFO | uvicorn.access | 127.0.0.1:55842 - "GET /api/v1/video-tasks/subtasks/by-account?account_id=92a43fbb-08df-4401-81b7-c6af753b0c82&page=1&page_size=20&status=queued HTTP/1.1" 200
2026-04-09 14:37:22,924 | INFO | app | [d8a80684] GET /api/v1/flags -> 200 (58.66ms)
2026-04-09 14:37:22,924 | INFO | uvicorn.access | 127.0.0.1:55995 - "GET /api/v1/flags HTTP/1.1" 200
2026-04-09 14:37:22,949 | INFO | app | [7c97287e] GET /api/v1/accounts?page=1&page_size=20 -> 200 (76.61ms)
2026-04-09 14:37:22,949 | INFO | uvicorn.access | 127.0.0.1:55996 - "GET /api/v1/accounts?page=1&page_size=20 HTTP/1.1" 200
2026-04-09 14:37:33,242 | INFO | app | [dc5dba77] GET /api/v1/accounts/c673e254-5eae-4b87-a1d3-b247258476b4 -> 200 (38.25ms)
2026-04-09 14:37:33,243 | INFO | uvicorn.access | 127.0.0.1:56043 - "GET /api/v1/accounts/c673e254-5eae-4b87-a1d3-b247258476b4 HTTP/1.1" 200
2026-04-09 14:37:33,261 | INFO | app | [04ca5924] OPTIONS /api/v1/video-tasks/subtasks/by-account?account_id=c673e254-5eae-4b87-a1d3-b247258476b4&page=1&page_size=20&status=pending_publish -> 200 (0.33ms)
2026-04-09 14:37:33,261 | INFO | uvicorn.access | 127.0.0.1:56043 - "OPTIONS /api/v1/video-tasks/subtasks/by-account?account_id=c673e254-5eae-4b87-a1d3-b247258476b4&page=1&page_size=20&status=pending_publish HTTP/1.1" 200
2026-04-09 14:37:33,261 | INFO | app | [4cbfcf27] OPTIONS /api/v1/video-tasks/subtasks/by-account/counts?account_id=c673e254-5eae-4b87-a1d3-b247258476b4 -> 200 (0.43ms)
2026-04-09 14:37:33,261 | INFO | uvicorn.access | 127.0.0.1:56045 - "OPTIONS /api/v1/video-tasks/subtasks/by-account/counts?account_id=c673e254-5eae-4b87-a1d3-b247258476b4 HTTP/1.1" 200
2026-04-09 14:37:33,273 | INFO | app | [f3b4f237] GET /api/v1/video-tasks/subtasks/by-account/counts?account_id=c673e254-5eae-4b87-a1d3-b247258476b4 -> 200 (10.59ms)
2026-04-09 14:37:33,274 | INFO | uvicorn.access | 127.0.0.1:56045 - "GET /api/v1/video-tasks/subtasks/by-account/counts?account_id=c673e254-5eae-4b87-a1d3-b247258476b4 HTTP/1.1" 200
2026-04-09 14:37:33,276 | INFO | app | [772ac27a] GET /api/v1/video-tasks/subtasks/by-account?account_id=c673e254-5eae-4b87-a1d3-b247258476b4&page=1&page_size=20&status=pending_publish -> 200 (14.52ms)
2026-04-09 14:37:33,277 | INFO | uvicorn.access | 127.0.0.1:56043 - "GET /api/v1/video-tasks/subtasks/by-account?account_id=c673e254-5eae-4b87-a1d3-b247258476b4&page=1&page_size=20&status=pending_publish HTTP/1.1" 200
2026-04-09 14:37:34,561 | INFO | app | [839d50e7] GET /api/v1/flags -> 200 (13.48ms)
2026-04-09 14:37:34,561 | INFO | uvicorn.access | 127.0.0.1:56043 - "GET /api/v1/flags HTTP/1.1" 200
2026-04-09 14:37:34,570 | INFO | app | [dfd835c6] GET /api/v1/accounts?page=1&page_size=20 -> 200 (22.02ms)
2026-04-09 14:37:34,570 | INFO | uvicorn.access | 127.0.0.1:56045 - "GET /api/v1/accounts?page=1&page_size=20 HTTP/1.1" 200
2026-04-09 14:42:14,917 | INFO | uvicorn.error | Shutting down
2026-04-09 14:42:15,032 | INFO | uvicorn.error | Waiting for application shutdown.
2026-04-09 14:42:15,051 | INFO | app.video_ai | Video AI queue processor stopped
2026-04-09 14:42:15,052 | INFO | app.ai_account | AI account queue processor stopped
2026-04-09 14:42:15,053 | INFO | app.video_publication_service | Video publication poller stopped
2026-04-09 14:42:15,054 | INFO | app.publication_metrics_scheduler | 【指标同步调度器】已停止
2026-04-09 14:42:15,054 | INFO | app.account_publish_scheduler | 【定时发布调度器】已停止
2026-04-09 14:42:15,055 | INFO | app.candidate_scheduler | 【候选库调度器】已停止
2026-04-09 14:42:15,056 | INFO | uvicorn.error | Application shutdown complete.
2026-04-09 14:42:15,057 | INFO | uvicorn.error | Finished server process [73911]
2026-04-09 14:42:17,389 | INFO | uvicorn.error | Started server process [79238]
2026-04-09 14:42:17,390 | INFO | uvicorn.error | Waiting for application startup.
2026-04-09 14:42:17,390 | INFO | app | Starting API with env=development db=postgresql+asyncpg://postgres:postgres@localhost:5432/task_manager
2026-04-09 14:42:17,564 | INFO | app.video_ai | Video AI queue processor started
2026-04-09 14:42:17,565 | INFO | app.ai_account | AI account queue processor started
2026-04-09 14:42:17,583 | INFO | app.video_publication_service | Video publication poller started
2026-04-09 14:42:17,583 | INFO | app.publication_metrics_scheduler | 【指标同步调度器】已启动
2026-04-09 14:42:17,583 | INFO | app.account_publish_scheduler | 【定时发布调度器】已启动，轮询间隔 60 秒
2026-04-09 14:42:17,583 | INFO | app.candidate_scheduler | 【候选库调度器】已启动
2026-04-09 14:42:17,595 | INFO | app.topics | No stuck keyword gen tasks found on startup
2026-04-09 14:42:17,657 | INFO | app.candidate_scheduler | 【候选库调度器】预填 _fired 完成，共 0 条
2026-04-09 14:42:17,672 | INFO | app.video_ai | No stuck video AI templates found on startup
2026-04-09 14:42:17,683 | INFO | app.video_source | No stuck video downloads found on startup
2026-04-09 14:42:17,712 | INFO | app.services.candidate_service | 【导入恢复】无中断的导入任务
2026-04-09 14:42:17,763 | INFO | app.services.candidate_service | 【全量审核】启动恢复：无中断的 AI 审核任务
2026-04-09 14:42:17,764 | INFO | uvicorn.error | Application startup complete.
2026-04-09 14:42:47,723 | INFO | uvicorn.error | Shutting down
2026-04-09 14:42:47,825 | INFO | uvicorn.error | Waiting for application shutdown.
2026-04-09 14:42:47,826 | INFO | app.video_ai | Video AI queue processor stopped
2026-04-09 14:42:47,826 | INFO | app.ai_account | AI account queue processor stopped
2026-04-09 14:42:47,827 | INFO | app.video_publication_service | Video publication poller stopped
2026-04-09 14:42:47,827 | INFO | app.publication_metrics_scheduler | 【指标同步调度器】已停止
2026-04-09 14:42:47,827 | INFO | app.account_publish_scheduler | 【定时发布调度器】已停止
2026-04-09 14:42:47,827 | INFO | app.candidate_scheduler | 【候选库调度器】已停止
2026-04-09 14:42:47,827 | INFO | uvicorn.error | Application shutdown complete.
2026-04-09 14:42:47,827 | INFO | uvicorn.error | Finished server process [79238]
2026-04-09 14:42:49,685 | INFO | uvicorn.error | Started server process [79725]
2026-04-09 14:42:49,685 | INFO | uvicorn.error | Waiting for application startup.
2026-04-09 14:42:49,685 | INFO | app | Starting API with env=development db=postgresql+asyncpg://postgres:postgres@localhost:5432/task_manager
2026-04-09 14:42:49,767 | INFO | app.video_ai | Video AI queue processor started
2026-04-09 14:42:49,767 | INFO | app.ai_account | AI account queue processor started
2026-04-09 14:42:49,776 | INFO | app.video_publication_service | Video publication poller started
2026-04-09 14:42:49,776 | INFO | app.publication_metrics_scheduler | 【指标同步调度器】已启动
2026-04-09 14:42:49,776 | INFO | app.account_publish_scheduler | 【定时发布调度器】已启动，轮询间隔 60 秒
2026-04-09 14:42:49,776 | INFO | app.candidate_scheduler | 【候选库调度器】已启动
2026-04-09 14:42:49,783 | INFO | app.topics | No stuck keyword gen tasks found on startup
2026-04-09 14:42:49,842 | INFO | app.candidate_scheduler | 【候选库调度器】预填 _fired 完成，共 0 条
2026-04-09 14:42:49,852 | INFO | app.video_ai | No stuck video AI templates found on startup
2026-04-09 14:42:49,861 | INFO | app.video_source | No stuck video downloads found on startup
2026-04-09 14:42:49,881 | INFO | app.services.candidate_service | 【导入恢复】无中断的导入任务
2026-04-09 14:42:49,902 | INFO | app.services.candidate_service | 【全量审核】启动恢复：无中断的 AI 审核任务
2026-04-09 14:42:49,902 | INFO | uvicorn.error | Application startup complete.
2026-04-09 14:42:56,584 | INFO | uvicorn.error | Shutting down
2026-04-09 14:42:56,691 | INFO | uvicorn.error | Waiting for application shutdown.
2026-04-09 14:42:56,698 | INFO | app.video_ai | Video AI queue processor stopped
2026-04-09 14:42:56,699 | INFO | app.ai_account | AI account queue processor stopped
2026-04-09 14:42:56,702 | INFO | app.video_publication_service | Video publication poller stopped
2026-04-09 14:42:56,702 | INFO | app.publication_metrics_scheduler | 【指标同步调度器】已停止
2026-04-09 14:42:56,703 | INFO | app.account_publish_scheduler | 【定时发布调度器】已停止
2026-04-09 14:42:56,703 | INFO | app.candidate_scheduler | 【候选库调度器】已停止
2026-04-09 14:42:56,703 | INFO | uvicorn.error | Application shutdown complete.
2026-04-09 14:42:56,703 | INFO | uvicorn.error | Finished server process [79725]
2026-04-09 14:42:58,419 | INFO | uvicorn.error | Started server process [79994]
2026-04-09 14:42:58,419 | INFO | uvicorn.error | Waiting for application startup.
2026-04-09 14:42:58,420 | INFO | app | Starting API with env=development db=postgresql+asyncpg://postgres:postgres@localhost:5432/task_manager
2026-04-09 14:42:58,527 | INFO | app.video_ai | Video AI queue processor started
2026-04-09 14:42:58,527 | INFO | app.ai_account | AI account queue processor started
2026-04-09 14:42:58,533 | INFO | app.video_publication_service | Video publication poller started
2026-04-09 14:42:58,533 | INFO | app.publication_metrics_scheduler | 【指标同步调度器】已启动
2026-04-09 14:42:58,533 | INFO | app.account_publish_scheduler | 【定时发布调度器】已启动，轮询间隔 60 秒
2026-04-09 14:42:58,533 | INFO | app.candidate_scheduler | 【候选库调度器】已启动
2026-04-09 14:42:58,540 | INFO | app.topics | No stuck keyword gen tasks found on startup
2026-04-09 14:42:58,599 | INFO | app.candidate_scheduler | 【候选库调度器】预填 _fired 完成，共 0 条
2026-04-09 14:42:58,605 | INFO | app.video_ai | No stuck video AI templates found on startup
2026-04-09 14:42:58,619 | INFO | app.video_source | No stuck video downloads found on startup
2026-04-09 14:42:58,669 | INFO | app.services.candidate_service | 【导入恢复】无中断的导入任务
2026-04-09 14:42:58,691 | INFO | app.services.candidate_service | 【全量审核】启动恢复：无中断的 AI 审核任务
2026-04-09 14:42:58,691 | INFO | uvicorn.error | Application startup complete.
2026-04-09 14:43:08,045 | INFO | uvicorn.error | Shutting down
2026-04-09 14:43:08,151 | INFO | uvicorn.error | Waiting for application shutdown.
2026-04-09 14:43:08,153 | INFO | app.video_ai | Video AI queue processor stopped
2026-04-09 14:43:08,153 | INFO | app.ai_account | AI account queue processor stopped
2026-04-09 14:43:08,154 | INFO | app.video_publication_service | Video publication poller stopped
2026-04-09 14:43:08,154 | INFO | app.publication_metrics_scheduler | 【指标同步调度器】已停止
2026-04-09 14:43:08,154 | INFO | app.account_publish_scheduler | 【定时发布调度器】已停止
2026-04-09 14:43:08,154 | INFO | app.candidate_scheduler | 【候选库调度器】已停止
2026-04-09 14:43:08,154 | INFO | uvicorn.error | Application shutdown complete.
2026-04-09 14:43:08,154 | INFO | uvicorn.error | Finished server process [79994]
2026-04-09 14:43:09,842 | INFO | uvicorn.error | Started server process [80100]
2026-04-09 14:43:09,842 | INFO | uvicorn.error | Waiting for application startup.
2026-04-09 14:43:09,843 | INFO | app | Starting API with env=development db=postgresql+asyncpg://postgres:postgres@localhost:5432/task_manager
2026-04-09 14:43:09,939 | INFO | app.video_ai | Video AI queue processor started
2026-04-09 14:43:09,939 | INFO | app.ai_account | AI account queue processor started
2026-04-09 14:43:09,944 | INFO | app.video_publication_service | Video publication poller started
2026-04-09 14:43:09,944 | INFO | app.publication_metrics_scheduler | 【指标同步调度器】已启动
2026-04-09 14:43:09,944 | INFO | app.account_publish_scheduler | 【定时发布调度器】已启动，轮询间隔 60 秒
2026-04-09 14:43:09,944 | INFO | app.candidate_scheduler | 【候选库调度器】已启动
2026-04-09 14:43:09,944 | INFO | app.lark_notify_scheduler | 【Lark通知】LARK_WEBHOOK_URL 未配置，跳过启动
2026-04-09 14:43:09,952 | INFO | app.topics | No stuck keyword gen tasks found on startup
2026-04-09 14:43:10,007 | INFO | app.candidate_scheduler | 【候选库调度器】预填 _fired 完成，共 0 条
2026-04-09 14:43:10,017 | INFO | app.video_ai | No stuck video AI templates found on startup
2026-04-09 14:43:10,023 | INFO | app.video_source | No stuck video downloads found on startup
2026-04-09 14:43:10,058 | INFO | app.services.candidate_service | 【导入恢复】无中断的导入任务
2026-04-09 14:43:10,076 | INFO | app.services.candidate_service | 【全量审核】启动恢复：无中断的 AI 审核任务
2026-04-09 14:43:10,077 | INFO | uvicorn.error | Application startup complete.
2026-04-09 14:43:13,105 | INFO | uvicorn.error | Shutting down
2026-04-09 14:43:13,215 | INFO | uvicorn.error | Waiting for application shutdown.
2026-04-09 14:43:13,216 | INFO | app.video_ai | Video AI queue processor stopped
2026-04-09 14:43:13,216 | INFO | app.ai_account | AI account queue processor stopped
2026-04-09 14:43:13,216 | INFO | app.video_publication_service | Video publication poller stopped
2026-04-09 14:43:13,216 | INFO | app.publication_metrics_scheduler | 【指标同步调度器】已停止
2026-04-09 14:43:13,217 | INFO | app.account_publish_scheduler | 【定时发布调度器】已停止
2026-04-09 14:43:13,217 | INFO | app.candidate_scheduler | 【候选库调度器】已停止
2026-04-09 14:43:13,217 | INFO | uvicorn.error | Application shutdown complete.
2026-04-09 14:43:13,217 | INFO | uvicorn.error | Finished server process [80100]
2026-04-09 14:43:15,018 | INFO | uvicorn.error | Started server process [80161]
2026-04-09 14:43:15,024 | INFO | uvicorn.error | Waiting for application startup.
2026-04-09 14:43:15,029 | INFO | app | Starting API with env=development db=postgresql+asyncpg://postgres:postgres@localhost:5432/task_manager
2026-04-09 14:43:15,229 | INFO | app.video_ai | Video AI queue processor started
2026-04-09 14:43:15,229 | INFO | app.ai_account | AI account queue processor started
2026-04-09 14:43:15,235 | INFO | app.video_publication_service | Video publication poller started
2026-04-09 14:43:15,235 | INFO | app.publication_metrics_scheduler | 【指标同步调度器】已启动
2026-04-09 14:43:15,235 | INFO | app.account_publish_scheduler | 【定时发布调度器】已启动，轮询间隔 60 秒
2026-04-09 14:43:15,235 | INFO | app.candidate_scheduler | 【候选库调度器】已启动
2026-04-09 14:43:15,235 | INFO | app.lark_notify_scheduler | 【Lark通知】LARK_WEBHOOK_URL 未配置，跳过启动
2026-04-09 14:43:15,241 | INFO | app.topics | No stuck keyword gen tasks found on startup
2026-04-09 14:43:15,292 | INFO | app.candidate_scheduler | 【候选库调度器】预填 _fired 完成，共 0 条
2026-04-09 14:43:15,326 | INFO | app.video_ai | No stuck video AI templates found on startup
2026-04-09 14:43:15,331 | INFO | app.video_source | No stuck video downloads found on startup
2026-04-09 14:43:15,364 | INFO | app.services.candidate_service | 【导入恢复】无中断的导入任务
2026-04-09 14:43:15,440 | INFO | app.services.candidate_service | 【全量审核】启动恢复：无中断的 AI 审核任务
2026-04-09 14:43:15,441 | INFO | uvicorn.error | Application startup complete.
2026-04-09 14:44:39,632 | INFO | uvicorn.error | Shutting down
2026-04-09 14:44:39,734 | INFO | uvicorn.error | Waiting for application shutdown.
2026-04-09 14:44:39,735 | INFO | app.video_ai | Video AI queue processor stopped
2026-04-09 14:44:39,739 | INFO | app.ai_account | AI account queue processor stopped
2026-04-09 14:44:39,740 | INFO | app.video_publication_service | Video publication poller stopped
2026-04-09 14:44:39,740 | INFO | app.publication_metrics_scheduler | 【指标同步调度器】已停止
2026-04-09 14:44:39,740 | INFO | app.account_publish_scheduler | 【定时发布调度器】已停止
2026-04-09 14:44:39,740 | INFO | app.candidate_scheduler | 【候选库调度器】已停止
2026-04-09 14:44:39,741 | INFO | uvicorn.error | Application shutdown complete.
2026-04-09 14:44:39,741 | INFO | uvicorn.error | Finished server process [80161]
2026-04-09 14:44:41,599 | INFO | uvicorn.error | Started server process [80994]
2026-04-09 14:44:41,599 | INFO | uvicorn.error | Waiting for application startup.
2026-04-09 14:44:41,599 | INFO | app | Starting API with env=development db=postgresql+asyncpg://postgres:postgres@localhost:5432/task_manager
2026-04-09 14:44:41,694 | INFO | app.video_ai | Video AI queue processor started
2026-04-09 14:44:41,694 | INFO | app.ai_account | AI account queue processor started
2026-04-09 14:44:41,698 | INFO | app.video_publication_service | Video publication poller started
2026-04-09 14:44:41,698 | INFO | app.publication_metrics_scheduler | 【指标同步调度器】已启动
2026-04-09 14:44:41,698 | INFO | app.account_publish_scheduler | 【定时发布调度器】已启动，轮询间隔 60 秒
2026-04-09 14:44:41,698 | INFO | app.candidate_scheduler | 【候选库调度器】已启动
2026-04-09 14:44:41,698 | INFO | app.lark_notify_scheduler | 【Lark通知】LARK_WEBHOOK_URL 未配置，跳过启动
2026-04-09 14:44:41,703 | INFO | app.topics | No stuck keyword gen tasks found on startup
2026-04-09 14:44:41,757 | INFO | app.candidate_scheduler | 【候选库调度器】预填 _fired 完成，共 0 条
2026-04-09 14:44:41,781 | INFO | app.video_ai | No stuck video AI templates found on startup
2026-04-09 14:44:41,788 | INFO | app.video_source | No stuck video downloads found on startup
2026-04-09 14:44:41,816 | INFO | app.services.candidate_service | 【导入恢复】无中断的导入任务
2026-04-09 14:44:41,837 | INFO | app.services.candidate_service | 【全量审核】启动恢复：无中断的 AI 审核任务
2026-04-09 14:44:41,838 | INFO | uvicorn.error | Application startup complete.
2026-04-09 14:44:43,011 | INFO | uvicorn.error | Started server process [81026]
2026-04-09 14:44:43,012 | INFO | uvicorn.error | Waiting for application startup.
2026-04-09 14:44:43,012 | INFO | app | Starting API with env=development db=postgresql+asyncpg://postgres:postgres@localhost:5432/task_manager
2026-04-09 14:44:43,086 | INFO | app.video_ai | Video AI queue processor started
2026-04-09 14:44:43,086 | INFO | app.ai_account | AI account queue processor started
2026-04-09 14:44:43,097 | INFO | app.video_publication_service | Video publication poller started
2026-04-09 14:44:43,098 | INFO | app.publication_metrics_scheduler | 【指标同步调度器】已启动
2026-04-09 14:44:43,098 | INFO | app.account_publish_scheduler | 【定时发布调度器】已启动，轮询间隔 60 秒
2026-04-09 14:44:43,098 | INFO | app.candidate_scheduler | 【候选库调度器】已启动
2026-04-09 14:44:43,098 | INFO | app.lark_notify_scheduler | 【Lark通知】LARK_WEBHOOK_URL 未配置，跳过启动
2026-04-09 14:44:43,115 | INFO | app.topics | No stuck keyword gen tasks found on startup
2026-04-09 14:44:43,186 | INFO | app.candidate_scheduler | 【候选库调度器】预填 _fired 完成，共 0 条
2026-04-09 14:44:43,186 | INFO | app.video_ai | No stuck video AI templates found on startup
2026-04-09 14:44:43,194 | INFO | app.video_source | No stuck video downloads found on startup
2026-04-09 14:44:43,226 | INFO | app.services.candidate_service | 【导入恢复】无中断的导入任务
2026-04-09 14:44:43,232 | INFO | app.services.candidate_service | 【全量审核】启动恢复：无中断的 AI 审核任务
2026-04-09 14:44:43,232 | INFO | uvicorn.error | Application startup complete.
2026-04-09 14:45:00,292 | INFO | uvicorn.error | Shutting down
2026-04-09 14:45:00,395 | INFO | uvicorn.error | Waiting for application shutdown.
2026-04-09 14:45:00,396 | INFO | app.video_ai | Video AI queue processor stopped
2026-04-09 14:45:00,396 | INFO | app.ai_account | AI account queue processor stopped
2026-04-09 14:45:00,396 | INFO | app.video_publication_service | Video publication poller stopped
2026-04-09 14:45:00,397 | INFO | app.publication_metrics_scheduler | 【指标同步调度器】已停止
2026-04-09 14:45:00,397 | INFO | app.account_publish_scheduler | 【定时发布调度器】已停止
2026-04-09 14:45:00,397 | INFO | app.candidate_scheduler | 【候选库调度器】已停止
2026-04-09 14:45:00,397 | INFO | uvicorn.error | Application shutdown complete.
2026-04-09 14:45:00,397 | INFO | uvicorn.error | Finished server process [81026]
2026-04-09 14:45:02,300 | INFO | uvicorn.error | Started server process [81196]
2026-04-09 14:45:02,301 | INFO | uvicorn.error | Waiting for application startup.
2026-04-09 14:45:02,301 | INFO | app | Starting API with env=development db=postgresql+asyncpg://postgres:postgres@localhost:5432/task_manager
2026-04-09 14:45:02,451 | INFO | app.video_ai | Video AI queue processor started
2026-04-09 14:45:02,451 | INFO | app.ai_account | AI account queue processor started
2026-04-09 14:45:02,456 | INFO | app.video_publication_service | Video publication poller started
2026-04-09 14:45:02,457 | INFO | app.publication_metrics_scheduler | 【指标同步调度器】已启动
2026-04-09 14:45:02,457 | INFO | app.account_publish_scheduler | 【定时发布调度器】已启动，轮询间隔 60 秒
2026-04-09 14:45:02,457 | INFO | app.candidate_scheduler | 【候选库调度器】已启动
2026-04-09 14:45:02,457 | INFO | app.lark_notify_scheduler | 【Lark通知】LARK_WEBHOOK_URL 未配置，跳过启动
2026-04-09 14:45:02,464 | INFO | app.topics | No stuck keyword gen tasks found on startup
2026-04-09 14:45:02,529 | INFO | app.candidate_scheduler | 【候选库调度器】预填 _fired 完成，共 0 条
2026-04-09 14:45:02,556 | INFO | app.video_ai | No stuck video AI templates found on startup
2026-04-09 14:45:02,572 | INFO | app.video_source | No stuck video downloads found on startup
2026-04-09 14:45:02,589 | INFO | app.services.candidate_service | 【导入恢复】无中断的导入任务
2026-04-09 14:45:02,604 | INFO | app.services.candidate_service | 【全量审核】启动恢复：无中断的 AI 审核任务
2026-04-09 14:45:02,605 | INFO | uvicorn.error | Application startup complete.
2026-04-09 14:45:08,158 | INFO | uvicorn.error | Shutting down
2026-04-09 14:45:08,259 | INFO | uvicorn.error | Waiting for application shutdown.
2026-04-09 14:45:08,260 | INFO | app.video_ai | Video AI queue processor stopped
2026-04-09 14:45:08,260 | INFO | app.ai_account | AI account queue processor stopped
2026-04-09 14:45:08,260 | INFO | app.video_publication_service | Video publication poller stopped
2026-04-09 14:45:08,260 | INFO | app.publication_metrics_scheduler | 【指标同步调度器】已停止
2026-04-09 14:45:08,261 | INFO | app.account_publish_scheduler | 【定时发布调度器】已停止
2026-04-09 14:45:08,261 | INFO | app.candidate_scheduler | 【候选库调度器】已停止
2026-04-09 14:45:08,261 | INFO | uvicorn.error | Application shutdown complete.
2026-04-09 14:45:08,261 | INFO | uvicorn.error | Finished server process [81196]
2026-04-09 14:45:10,126 | INFO | uvicorn.error | Started server process [81293]
2026-04-09 14:45:10,126 | INFO | uvicorn.error | Waiting for application startup.
2026-04-09 14:45:10,126 | INFO | app | Starting API with env=development db=postgresql+asyncpg://postgres:postgres@localhost:5432/task_manager
2026-04-09 14:45:10,237 | INFO | app.video_ai | Video AI queue processor started
2026-04-09 14:45:10,237 | INFO | app.ai_account | AI account queue processor started
2026-04-09 14:45:10,243 | INFO | app.video_publication_service | Video publication poller started
2026-04-09 14:45:10,243 | INFO | app.publication_metrics_scheduler | 【指标同步调度器】已启动
2026-04-09 14:45:10,243 | INFO | app.account_publish_scheduler | 【定时发布调度器】已启动，轮询间隔 60 秒
2026-04-09 14:45:10,243 | INFO | app.candidate_scheduler | 【候选库调度器】已启动
2026-04-09 14:45:10,243 | INFO | app.lark_notify_scheduler | 【Lark通知】LARK_WEBHOOK_URL 未配置，跳过启动
2026-04-09 14:45:10,250 | INFO | app.topics | No stuck keyword gen tasks found on startup
2026-04-09 14:45:10,311 | INFO | app.candidate_scheduler | 【候选库调度器】预填 _fired 完成，共 0 条
2026-04-09 14:45:10,319 | INFO | app.video_ai | No stuck video AI templates found on startup
2026-04-09 14:45:10,326 | INFO | app.video_source | No stuck video downloads found on startup
2026-04-09 14:45:10,347 | INFO | app.services.candidate_service | 【导入恢复】无中断的导入任务
2026-04-09 14:45:10,371 | INFO | app.services.candidate_service | 【全量审核】启动恢复：无中断的 AI 审核任务
2026-04-09 14:45:10,371 | INFO | uvicorn.error | Application startup complete.
2026-04-09 14:48:50,151 | INFO | uvicorn.error | Shutting down
2026-04-09 14:48:50,262 | INFO | uvicorn.error | Waiting for application shutdown.
2026-04-09 14:48:50,275 | INFO | app.video_ai | Video AI queue processor stopped
2026-04-09 14:48:50,276 | INFO | app.ai_account | AI account queue processor stopped
2026-04-09 14:48:50,277 | INFO | app.video_publication_service | Video publication poller stopped
2026-04-09 14:48:50,277 | INFO | app.publication_metrics_scheduler | 【指标同步调度器】已停止
2026-04-09 14:48:50,277 | INFO | app.account_publish_scheduler | 【定时发布调度器】已停止
2026-04-09 14:48:50,278 | INFO | app.candidate_scheduler | 【候选库调度器】已停止
2026-04-09 14:48:50,280 | INFO | uvicorn.error | Application shutdown complete.
2026-04-09 14:48:50,282 | INFO | uvicorn.error | Finished server process [81293]
2026-04-09 14:48:52,221 | INFO | uvicorn.error | Started server process [83592]
2026-04-09 14:48:52,221 | INFO | uvicorn.error | Waiting for application startup.
2026-04-09 14:48:52,222 | INFO | app | Starting API with env=development db=postgresql+asyncpg://postgres:postgres@localhost:5432/task_manager
2026-04-09 14:48:52,301 | INFO | app.video_ai | Video AI queue processor started
2026-04-09 14:48:52,301 | INFO | app.ai_account | AI account queue processor started
2026-04-09 14:48:52,306 | INFO | app.video_publication_service | Video publication poller started
2026-04-09 14:48:52,306 | INFO | app.publication_metrics_scheduler | 【指标同步调度器】已启动
2026-04-09 14:48:52,306 | INFO | app.account_publish_scheduler | 【定时发布调度器】已启动，轮询间隔 60 秒
2026-04-09 14:48:52,306 | INFO | app.candidate_scheduler | 【候选库调度器】已启动
2026-04-09 14:48:52,306 | INFO | app.lark_notify_scheduler | 【Lark通知】调度器已启动，每天 UTC 02:00 发送日报
2026-04-09 14:48:52,311 | INFO | app.topics | No stuck keyword gen tasks found on startup
2026-04-09 14:48:52,368 | INFO | app.candidate_scheduler | 【候选库调度器】预填 _fired 完成，共 0 条
2026-04-09 14:48:52,376 | INFO | app.video_ai | No stuck video AI templates found on startup
2026-04-09 14:48:52,381 | INFO | app.video_source | No stuck video downloads found on startup
2026-04-09 14:48:52,398 | INFO | app.services.candidate_service | 【导入恢复】无中断的导入任务
2026-04-09 14:48:52,417 | INFO | app.services.candidate_service | 【全量审核】启动恢复：无中断的 AI 审核任务
2026-04-09 14:48:52,417 | INFO | uvicorn.error | Application startup complete.
2026-04-09 14:49:21,763 | INFO | uvicorn.error | Shutting down
2026-04-09 14:49:21,867 | INFO | uvicorn.error | Waiting for application shutdown.
2026-04-09 14:49:21,870 | INFO | app.video_ai | Video AI queue processor stopped
2026-04-09 14:49:21,870 | INFO | app.ai_account | AI account queue processor stopped
2026-04-09 14:49:21,870 | INFO | app.video_publication_service | Video publication poller stopped
2026-04-09 14:49:21,870 | INFO | app.publication_metrics_scheduler | 【指标同步调度器】已停止
2026-04-09 14:49:21,871 | INFO | app.account_publish_scheduler | 【定时发布调度器】已停止
2026-04-09 14:49:21,871 | INFO | app.candidate_scheduler | 【候选库调度器】已停止
2026-04-09 14:49:21,871 | INFO | app.lark_notify_scheduler | 【Lark通知】调度器已停止
2026-04-09 14:49:21,871 | INFO | uvicorn.error | Application shutdown complete.
2026-04-09 14:49:21,871 | INFO | uvicorn.error | Finished server process [83592]
